0,DATE,D0,D1,D2,D3,D4,-9,W0,W1,W2,W3,W4
13.6,0,0,0,0,0,0,7.2,79.2,13,0,0,0
75.5,1,2.5,0,0,0,0,7.2,14.8,9.3,0,0,0
21.3,2,69.6,18.3,0,0,0,7.2,2,0,0,0,0
15.9,3,76.9,34.4,0.3,0,0,7.2,0,0,0,0,0
44.5,4,47.8,0.7,0,0,0,7.2,0.5,0,0,0,0
4.8,5,86.8,30,0,0,0,7.2,1.2,0,0,0,0
58.4,6,0,0,0,0,0,7.2,34.3,11.6,4.2,1.6,0
80.2,7,12.6,0.2,0,0,0,7.2,0,0,0,0,0
63.3,8,29.4,0.6,0,0,0,7.2,0,0,0,0,0
85.6,9,3.3,0,0,0,0,7.2,3.9,1.2,0,0,0
84.8,10,0,0,0,0,0,7.2,7.9,3.8,2.2,0,0
64.8,11,0,0,0,0,0,7.2,28,3.5,1.9,0,0
16.7,12,64.9,16.2,0.6,0,0,7.2,11.2,3.1,0,0,0
20,13,69.6,40.4,0.7,0,0,7.2,3.1,0,0,0,0
7.9,14,69.3,41.4,4.3,0,0,7.2,15.6,13.1,11.6,8.9,4.6
10.3,15,82.1,76.4,69.2,43.3,9.6,7.2,0.4,0,0,0,0
13.5,16,77.6,61.5,15.5,0.7,0,7.2,1.6,0,0,0,0
11.2,17,81.5,45.4,1.8,0,0,7.2,0,0,0,0,0
49.3,18,43.5,0,0,0,0,7.2,0,0,0,0,0
79.6,19,7.2,0,0,0,0,7.2,6,1.7,0,0,0
42.2,20,46.4,0,0,0,0,7.2,4.2,2.4,1.5,0,0
74.8,21,0,0,0,0,0,7.2,18,2.4,0.2,0,0
8.2,22,83.9,11.9,0,0,0,7.2,0.7,0,0,0,0
52.9,23,0,0,0,0,0,7.2,39.9,24.8,14.6,3.8,0
21.5,24,68.2,48.1,7.4,0.3,0,7.2,3,2.1,0.7,0,0
31.9,25,56.8,15,0,0,0,7.2,4,1,0,0,0
30.9,26,49.9,25.6,0.5,0,0,7.2,11.9,6.7,4.9,4,3.7
16.8,27,72.3,15.4,0,0,0,7.2,3.6,2.7,2.1,0.3,0
76.7,28,2.6,0,0,0,0,7.2,13.4,0.2,0,0,0
14.5,29,76.1,6.9,0,0,0,7.2,2.1,0.2,0,0,0
57.6,30,31.3,13.1,0,0,0,7.2,3.9,0.5,0,0,0
31.1,31,20,17.9,13.9,11.2,5.4,7.2,41.8,8.7,0,0,0
9.6,32,2.4,0.4,0,0,0,7.2,80.8,78.7,75.6,72.4,59
6.9,33,14.5,13.1,9.7,3.1,0,7.2,71.4,64.7,45.7,17.4,1
6.6,34,0.4,0,0,0,0,7.2,85.8,80.7,77.3,76,70.1
1.2,35,0,0,0,0,0,7.2,91.6,83.5,73.6,29.2,5.1
0,36,0,0,0,0,0,7.2,92.7,35.7,4.2,0.9,0
48.7,37,44.1,11.8,1.3,0,0,7.2,0,0,0,0,0
70,38,18.4,0,0,0,0,7.2,4.3,2.3,0,0,0
76.8,39,12.1,0,0,0,0,7.2,3.9,0.3,0,0,0
83.7,40,9,0,0,0,0,7.2,0.1,0,0,0,0
36.3,41,0,0,0,0,0,7.2,56.5,11.3,0.3,0,0
64.8,42,28,0,0,0,0,7.2,0,0,0,0,0
58.2,43,32.1,5.3,0.9,0,0,7.2,2.4,0,0,0,0
14.1,44,78.6,24.6,0.1,0,0,7.2,0,0,0,0,0
88.3,45,0.3,0,0,0,0,7.2,4.1,1,0,0,0
83,46,7.3,0,0,0,0,7.2,2.4,0,0,0,0
70.2,47,6.5,0,0,0,0,7.2,16,11.6,1.2,0,0
16.3,48,76,55.9,9.6,0,0,7.2,0.4,0,0,0,0
1.8,49,91,75.7,21.2,10,0,7.2,0,0,0,0,0
21.4,50,0,0,0,0,0,7.2,71.4,37.3,7.1,0,0
62.3,51,0,0,0,0,0,7.2,30.4,12.2,0.2,0,0
53.8,52,17.6,0.3,0,0,0,7.2,21.4,19.2,17.3,14.8,14.4
1.6,53,91.3,85.1,76.9,58.7,35.2,7.2,0,0,0,0,0
13.7,54,79.1,14.7,0,0,0,7.2,0,0,0,0,0
36.2,55,40.5,0,0,0,0,7.2,16,12.3,8.9,0.4,0
9,56,74.9,64,26.1,1.6,0,7.2,8.9,2,0,0,0
3.4,57,88.7,85.5,47.8,0.7,0,7.2,0.7,0,0,0,0
72.3,58,14.8,0,0,0,0,7.2,5.6,0,0,0,0
81.7,59,0,0,0,0,0,7.2,11.1,0,0,0,0
55.8,60,15.9,10.4,0,0,0,7.2,21.1,0.5,0,0,0
7.3,61,13.3,9.3,0,0,0,7.2,72.1,60.4,21.4,0.6,0
8.2,62,7.8,0.4,0,0,0,7.2,76.9,70.7,59.4,25,2.8
0,63,0,0,0,0,0,7.2,92.8,92.4,89,73,37.9
65,64,8.5,0,0,0,0,7.2,19.3,14.5,10.1,0.8,0
0.4,65,92.4,87,45.1,15.3,2,7.2,0,0,0,0,0
65.7,66,27.1,19.1,13.9,6.6,0,7.2,0,0,0,0,0
10.1,67,6.2,0,0,0,0,7.2,76.5,71.5,53.4,31.5,6.3
0,68,0,0,0,0,0,7.2,92.8,90.9,79.2,47.8,29.4
15.9,69,76.1,53.7,29.5,3.4,0.2,7.2,0.8,0,0,0,0
10.6,70,81.8,16.7,0,0,0,7.2,0.3,0,0,0,0
53.2,71,39,0,0,0,0,7.2,0.5,0,0,0,0
92.8,72,0,0,0,0,0,7.2,0,0,0,0,0
80.4,73,12.4,1.5,0,0,0,7.2,0,0,0,0,0
74.6,74,0,0,0,0,0,7.2,18.2,0.4,0,0,0
35.3,75,55.3,0,0,0,0,7.2,2.2,0,0,0,0
73.7,76,10.4,0,0,0,0,7.2,8.7,0,0,0,0
59.8,77,23.6,18.9,17.2,13.5,12.7,7.2,9.3,0.7,0,0,0
4.4,78,11.2,8.9,2,0,0,7.2,77.2,74.9,70.9,69.9,63
0.4,79,0,0,0,0,0,7.2,92.4,90.8,89.4,87.3,84.4
68.2,80,2.6,0,0,0,0,7.2,21.9,0,0,0,0
37.5,81,12.3,0,0,0,0,7.2,42.9,0.9,0,0,0
14.3,82,14.8,11.2,0,0,0,7.2,63.7,16.7,0,0,0
15.1,83,0.4,0,0,0,0,7.2,77.4,70.3,53.5,24.9,4.3
6.6,84,0.2,0,0,0,0,7.2,86,61.5,4.1,0,0
91.9,85,0.9,0,0,0,0,7.2,0,0,0,0,0
66.7,86,26,0,0,0,0,7.2,0,0,0,0,0
59.2,87,15.7,4.6,0,0,0,7.2,17.8,1.2,0,0,0
13.7,88,10.4,0,0,0,0,7.2,68.7,27.8,0,0,0
12.6,89,9.3,0,0,0,0,7.2,70.9,47.9,5.5,0,0
12.5,90,0,0,0,0,0,7.2,80.3,64.4,21.3,0.3,0
74.1,91,3.3,0,0,0,0,7.2,15.3,0,0,0,0
79,92,0,0,0,0,0,7.2,13.8,0,0,0,0
50.3,93,42.5,0,0,0,0,7.2,0,0,0,0,0
86.2,94,1,0,0,0,0,7.2,5.6,2.8,0,0,0
69.5,95,23.2,14.5,1.2,0,0,7.2,0,0,0,0,0
11.1,96,7.3,0.4,0,0,0,7.2,74.3,53.3,12.2,0,0
10.8,97,3.5,0,0,0,0,7.2,78.5,70.8,37.3,2,0
12.2,98,8.1,0.4,0,0,0,7.2,72.5,61.6,23.3,0.3,0
0,99,0,0,0,0,0,7.2,92.9,91.1,81,47.4,21
10.5,100,82.3,44.4,13.2,0.5,0,7.2,0,0,0,0,0
72.8,101,9.2,0,0,0,0,7.2,10.8,7.7,3.5,0,0
11.9,102,80.9,69,36.3,5.6,0,7.2,0,0,0,0,0
7,103,85.8,9.2,0,0,0,7.2,0,0,0,0,0
36.9,104,47.4,0,0,0,0,7.2,8.5,4.7,0.4,0,0
3.2,105,89.5,73.8,27.2,0,0,7.2,0,0,0,0,0
28.4,106,61.3,1.2,0,0,0,7.2,3.1,0,0,0,0
29.4,107,63.4,30.4,0.7,0,0,7.2,0,0,0,0,0
20.9,108,60.3,1.2,0,0,0,7.2,11.5,8.8,7.3,6.2,3.5
1.2,109,91.5,89.9,84.9,68,41.7,7.2,0,0,0,0,0
34.6,110,54.6,8.8,0,0,0,7.2,3.6,0.9,0,0,0
38.3,111,52.8,4.4,0,0,0,7.2,1.6,0,0,0,0
3.8,112,89,22.8,0.3,0,0,7.2,0,0,0,0,0
79.7,113,0.2,0,0,0,0,7.2,12.8,0,0,0,0
92,114,0.7,0,0,0,0,7.2,0,0,0,0,0
63.3,115,0,0,0,0,0,7.2,29.4,10.6,2.3,0,0
4.2,116,88.5,46.1,2.1,0,0,7.2,0,0,0,0,0
79.4,117,13.3,4.1,0.1,0,0,7.2,0,0,0,0,0
78.6,118,14.2,0,0,0,0,7.2,0,0,0,0,0
70.9,119,0,0,0,0,0,7.2,21.9,0,0,0,0
55.3,120,34.8,21.1,12.7,1.9,0,7.2,2.7,0,0,0,0
8.8,121,1.2,0,0,0,0,7.2,82.8,76,63.8,45.2,18
1.8,122,0,0,0,0,0,7.2,91,85,53.8,21.2,5.8
21.7,123,71,43.5,23.6,10.1,0.6,7.2,0,0,0,0,0
86.8,124,5.9,0,0,0,0,7.2,0,0,0,0,0
71,125,0,0,0,0,0,7.2,21.7,8.4,0.5,0,0
22.4,126,70.3,21.7,1,0,0,7.2,0,0,0,0,0
46.4,127,46.3,0.1,0,0,0,7.2,0,0,0,0,0
72.2,128,1,0,0,0,0,7.2,19.6,11.9,8.1,6.2,0.8
1.2,129,91.6,86.5,54.3,12.9,0,7.2,0,0,0,0,0
70.7,130,2.9,0,0,0,0,7.2,19.2,11.6,7.8,4.3,0
3.3,131,88.3,79.3,53.2,19.8,0.7,7.2,1.2,0,0,0,0
34,132,57.6,2.1,0,0,0,7.2,1.2,0,0,0,0
10.4,133,78.1,49.2,4,0,0,7.2,4.3,0.4,0,0,0
15.5,134,76.1,49.7,2.9,0,0,7.2,1.2,0.4,0,0,0
0,135,92.8,89.8,41.4,2.3,0,7.2,0,0,0,0,0
66.9,136,5.1,2.7,0.3,0,0,7.2,20.7,13.7,2.3,0,0
1,137,91.8,62.9,12,0,0,7.2,0,0,0,0,0
88.5,138,2,0,0,0,0,7.2,2.2,0,0,0,0
82.1,139,7.3,0,0,0,0,7.2,3.3,0.5,0,0,0
28.7,140,64.1,9.5,0.3,0,0,7.2,0,0,0,0,0
70.2,141,16.7,0,0,0,0,7.2,5.8,0,0,0,0
15.8,142,68.9,16.3,0,0,0,7.2,8.1,4.3,1.2,0,0
5.3,143,83.5,78.1,54.7,24,3.5,7.2,3.9,1.6,0.8,0,0
11.7,144,71.3,60.7,40.5,5.9,0.7,7.2,9.8,5.8,3.9,1.2,0
8.3,145,83.7,75.5,64.5,52,32.8,7.2,0.8,0.4,0,0,0
10.7,146,76.7,63.5,36.1,2.2,0,7.2,5.4,2.7,1.2,0,0
2.3,147,90.1,84.4,75.7,52,5.2,7.2,0.4,0,0,0,0
10,148,82,53.1,3.3,0,0,7.2,0.8,0,0,0,0
14.1,149,67.9,40.9,3.8,0,0,7.2,10.8,7.4,5.1,1.2,0
1.2,150,91.6,83.4,69.8,41.5,6.2,7.2,0,0,0,0,0
20.4,151,70.5,42.9,1.2,0,0,7.2,1.8,0,0,0,0
11,152,81.8,17.1,0,0,0,7.2,0,0,0,0,0
75.3,153,0,0,0,0,0,7.2,17.5,0,0,0,0
10.6,154,82.1,11.1,0,0,0,7.2,0,0,0,0,0
42.7,155,0,0,0,0,0,7.2,50,1,0,0,0
29.6,156,4.9,3.5,1.4,0,0,7.2,58.2,11.3,0.4,0,0
58.4,157,24.7,5.1,1,0,0,7.2,9.6,0,0,0,0
12.7,158,77.7,26.2,0.2,0,0,7.2,2.3,0,0,0,0
10.3,159,82.1,54.3,12.6,1.1,0,7.2,0.4,0,0,0,0
19.6,160,70.5,38.9,2.6,0,0,7.2,2.6,0,0,0,0
10.9,161,71.5,48.3,15.9,2,0,7.2,10.4,7.3,5.4,1.2,0
3.4,162,89.4,82.3,66.1,42.9,12.5,7.2,0,0,0,0,0
20.5,163,72.2,11.6,0,0,0,7.2,0,0,0,0,0
74.8,164,6.8,3.7,0,0,0,7.2,11.2,6.6,0,0,0
9.6,165,83.1,50.1,27.8,7.5,4.6,7.2,0,0,0,0,0
30.1,166,60.3,1.4,0,0,0,7.2,2.3,0,0,0,0
75.1,167,0,0,0,0,0,7.2,17.6,2.6,0,0,0
78.8,168,0,0,0,0,0,7.2,13.9,0.4,0,0,0
17.2,169,70,21.5,6.1,0,0,7.2,5.6,4.5,3.5,2.4,1
16.4,170,0.4,0,0,0,0,7.2,76,44,26.7,7.6,1.1
48.2,171,0,0,0,0,0,7.2,44.6,0,0,0,0
43.2,172,0.7,0,0,0,0,7.2,48.8,7.7,0,0,0
17.1,173,71.3,34.7,6.2,0.2,0,7.2,4.3,0.4,0,0,0
7.6,174,85.2,58.5,17.6,8.8,1.4,7.2,0,0,0,0,0
17.7,175,75,1.7,0,0,0,7.2,0,0,0,0,0
3.5,176,89.2,31.8,11.9,3.3,0,7.2,0,0,0,0,0
69.9,177,0,0,0,0,0,7.2,22.9,14.4,3.1,0,0
20.4,178,69.1,42.8,3.3,0,0,7.2,3.4,2.1,0.5,0,0
8.2,179,84.5,25.5,0,0,0,7.2,0,0,0,0,0
54,180,29.9,0,0,0,0,7.2,8.9,6.6,1.6,0,0
2.6,181,90.3,82.8,43.1,8.7,0.6,7.2,0,0,0,0,0
73.9,182,18.2,1,0,0,0,7.2,0.5,0,0,0,0
75.6,183,0,0,0,0,0,7.2,17.2,0,0,0,0
64.5,184,4.7,0,0,0,0,7.2,23.6,4.4,0.1,0,0
19.5,185,0,0,0,0,0,7.2,73.3,18.1,0,0,0
33.8,186,0,0,0,0,0,7.2,59,5.1,0.2,0,0
72.4,187,0,0,0,0,0,7.2,20.3,5.4,0.3,0,0
70.7,188,0,0,0,0,0,7.2,22,6.1,2.5,0,0
72.3,189,0,0,0,0,0,7.2,20.4,7.7,0,0,0
3.7,190,89,48.7,6.5,0,0,7.2,0,0,0,0,0
12.4,191,0,0,0,0,0,7.2,80.4,42.5,9.2,1,0
50.8,192,0.4,0,0,0,0,7.2,41.6,19.3,10.6,1.9,0
23,193,2.3,0,0,0,0,7.2,67.5,18.3,0.2,0,0
43.6,194,3.5,1.7,0,0,0,7.2,45.6,2.2,0,0,0
73.8,195,10.6,0.5,0,0,0,7.2,8.4,0,0,0,0
5.3,196,1.6,0,0,0,0,7.2,85.9,33.1,0.3,0,0
75,197,0,0,0,0,0,7.2,17.8,5.5,3,1,0
60.6,198,0.3,0,0,0,0,7.2,31.8,1.7,0,0,0
78.3,199,5.4,0,0,0,0,7.2,9,2,0,0,0
59.3,200,3,0,0,0,0,7.2,30.6,10.8,6.2,0,0
15.6,201,72.9,51.2,23.1,5.8,0.2,7.2,4.3,0.8,0,0,0
9.1,202,82.2,62.6,8.4,0,0,7.2,1.4,0,0,0,0
58.2,203,0,0,0,0,0,7.2,34.6,18.8,5.8,0,0
85.8,204,0.3,0,0,0,0,7.2,6.6,0.2,0,0,0
83.5,205,9.2,0,0,0,0,7.2,0,0,0,0,0
8.8,206,0,0,0,0,0,7.2,83.9,22.6,11.1,1.9,0
18.2,207,74.6,43.5,11.3,0.6,0,7.2,0,0,0,0,0
17,208,75.8,20,0.3,0,0,7.2,0,0,0,0,0
30.5,209,60.1,3.2,0,0,0,7.2,2.2,0,0,0,0
23.5,210,65.2,1.5,0,0,0,6.6,4.7,2.4,1,0.1,0
67.8,211,18.4,0,0,0,0,6.6,7.3,0.7,0,0,0
31.9,212,0.2,0,0,0,0,6.6,61.3,9.9,0.3,0,0
91.3,213,0,0,0,0,0,6.6,2.2,0.1,0,0,0
46.2,214,44.2,5.2,0,0,0,6.6,3,1.7,0.2,0,0
9.1,215,83.1,46.7,13.8,1.1,0,6.6,1.2,0,0,0,0
77.6,216,3.8,1.6,0.2,0,0,6.6,12,5.1,0.5,0,0
81.3,217,0.3,0,0,0,0,6.6,11.8,4.9,1.5,0.1,0
76.4,218,13.8,0,0,0,0,6.6,3.3,1.1,0.1,0,0
48,219,43.2,0,0,0,0,6.6,2.3,0.2,0,0,0
89.3,220,4.1,0.1,0,0,0,6.6,0,0,0,0,0
71.2,221,0,0,0,0,0,6.6,22.2,0,0,0,0
75.8,222,10,1.3,0,0,0,6.6,7.7,2.7,0,0,0
15.1,223,78.3,47,3.8,0,0,6.6,0,0,0,0,0
45.5,224,47.9,4.9,1.2,0,0,6.6,0,0,0,0,0
66.9,225,10.4,2.7,0.3,0,0,6.6,16.1,12.7,8.8,6.5,1.9
9.1,226,84.4,79.6,70.4,45.9,5.2,6.6,0,0,0,0,0
29.8,227,9.1,1.4,0.2,0,0,6.6,54.6,18.5,0.2,0,0
5.1,228,0.3,0,0,0,0,6.6,87.9,57.7,11.6,0,0
36,229,50.1,13.1,2.3,0,0,6.6,7.3,1.8,0.3,0.1,0
78.5,230,13,0.2,0,0,0,6.6,1.9,0,0,0,0
15.5,231,78,37,4.9,0.2,0,6.6,0,0,0,0,0
28,232,0,0,0,0,0,6.6,65.3,26.5,7.3,0,0
16.6,233,71.1,26.6,0,0,0,6.6,5.8,3,1,0,0
19.3,234,69.5,34,1.7,0,0,6.6,4.6,0.4,0,0,0
11.6,235,74.2,55,30.3,7,0.8,6.6,7.7,6.2,4.3,1.6,0
11.5,236,82,73.8,59.1,26.2,0.7,6.6,0,0,0,0,0
50.8,237,35,0.7,0,0,0,6.6,7.5,0.1,0,0,0
12.7,238,80.7,47.9,6.7,0,0,6.6,0,0,0,0,0
69.2,239,24.2,7.7,0,0,0,6.6,0,0,0,0,0
29.1,240,0.4,0,0,0,0,6.6,64,25,0,0,0
31.3,241,4.3,0.7,0,0,0,6.6,57.8,8.2,0,0,0
68.8,242,8.2,0,0,0,0,6.6,16.4,11.1,8.1,5.4,0.4
12.2,243,80.4,63.6,40.2,9.8,0,6.6,0.8,0,0,0,0
18.7,244,74.3,45,1.1,0,0,6.6,0.5,0,0,0,0
8.1,245,85.3,48.2,0.2,0,0,6.6,0,0,0,0,0
85.4,246,6.3,0,0,0,0,6.6,1.7,0,0,0,0
20.3,247,2.1,0,0,0,0,6.6,71,20.5,6.9,0,0
5.9,248,87.1,46.8,16.2,0.5,0,6.6,0.6,0,0,0,0
77.1,249,15.1,1,0,0,0,6.6,1.3,0,0,0,0
75.9,250,3.5,0,0,0,0,6.6,14,4.2,0,0,0
10.8,251,78,9.9,0,0,0,6.6,4.6,2.6,0,0,0
53.6,252,2.2,0,0,0,0,6.6,37.6,19.3,3.9,0,0
78.1,253,15.3,0,0,0,0,6.6,0.1,0,0,0,0
28.4,254,0.4,0,0,0,0,6.6,64.7,29.9,0,0,0
61.4,255,8.6,0,0,0,0,6.6,23.6,0,0,0,0
26.9,256,6.7,0,0,0,0,6.6,59.9,37.4,8.5,0,0
50.7,257,2.3,0,0,0,0,6.6,40.4,12.6,7.3,0.4,0
8.4,258,82.9,29.9,0,0,0,6.6,2.1,0.2,0,0,0
35.5,259,54.2,1,0,0,0,6.6,3.7,1.9,0,0,0
47.5,260,11.4,1.8,0,0,0,6.6,34.5,3.9,0,0,0
2,261,90.4,37.1,2.3,0,0,6.6,0.9,0.3,0,0,0
57.5,262,35.8,19.7,1,0,0,6.6,0,0,0,0,0
51.2,263,4,1,0.1,0,0,6.6,38.3,1.6,0,0,0
21.1,264,0,0,0,0,0,6.6,72.3,1.9,0,0,0
93.4,265,0,0,0,0,0,6.6,0,0,0,0,0
84.9,266,8.5,0,0,0,0,6.6,0,0,0,0,0
47,267,23.6,16.3,13.1,9.6,8.1,6.6,22.9,2.4,0,0,0
8.1,268,5,2.4,1.2,0.4,0,6.6,80.4,76.4,70.7,66.1,61.4
5.1,269,0,0,0,0,0,6.6,88.2,83.2,76,69.4,60.5
20.6,270,1.4,0,0,0,0,6.6,71.4,56.5,12.1,0.4,0
13.8,271,1.2,0,0,0,0,6.6,78.4,58.2,11.8,0,0
63.4,272,16.2,7.9,1.6,0.6,0,6.6,13.7,5.9,2.4,1.8,0
4.7,273,0,0,0,0,0,6.6,88.7,84.1,70,36.9,9.9
22.7,274,69.6,38.6,17,0.4,0,6.6,1.2,0,0,0,0
13,275,77.3,44.4,10.2,0,0,6.6,3.1,0.2,0,0,0
13,276,5,0.4,0,0,0,6.6,75.5,51.4,26.3,9.2,4.3
4.7,277,0.2,0,0,0,0,6.6,88.6,75.7,29.4,5.1,0
83.6,278,2.8,0.2,0,0,0,6.6,7.1,2.8,0.3,0,0
57.1,279,36.3,23.5,9,0.4,0,6.6,0,0,0,0,0
3.8,280,1.1,0.4,0,0,0,6.6,88.6,74.9,46.7,19.6,4.6
22.9,281,1.9,1.7,1.6,1,0.4,6.6,68.6,22.4,9.5,5.4,3.1
61.9,282,7.9,1.6,0.9,0.7,0.2,6.6,23.7,17.8,13.9,10,7
41.5,283,0,0,0,0,0,6.6,51.9,17.5,4.7,3.3,1.6
88.1,284,2.1,0,0,0,0,6.6,3.2,0.1,0,0,0
81.3,285,8.9,1.2,0,0,0,6.6,3.2,0.6,0,0,0
57.1,286,27.5,8.9,0,0,0,6.6,8.9,3.2,1,0,0
31.4,287,7.8,1.5,0,0,0,6.6,54.1,18.1,0,0,0
8.6,288,2.4,1.4,0.7,0.2,0,6.6,82.4,62.5,13.6,0,0
40.5,289,1.5,0.3,0,0,0,6.6,51.3,18.8,5.2,0.7,0
63.2,290,2.9,0,0,0,0,0,33.8,6.4,1.3,0,0
7.4,291,92.7,76.8,54.5,36.6,15.6,0,0,0,0,0,0
93.9,292,5.6,0,0,0,0,0,0.6,0,0,0,0
41.1,293,50.6,5.6,0.1,0,0,0,8.4,1.4,1.1,0.2,0
2.3,294,97.3,82.4,54.6,17.5,6.1,0,0.3,0,0,0,0
13.9,295,0.7,0,0,0,0,0,85.3,50,15.9,2.8,0.1
14.5,296,1.3,0,0,0,0,0,84.3,49.3,24.3,4.5,0.4
29.6,297,70.4,41.7,3.6,0,0,0,0,0,0,0,0
51.5,298,11.7,0,0,0,0,0,36.8,8.8,0,0,0
40.4,299,0.4,0,0,0,0,0,59.2,1.8,0,0,0
58.1,300,39.3,0,0,0,0,0,2.6,0,0,0,0
32.7,301,0,0,0,0,0,0,67.3,5.2,0,0,0
11.8,302,83.6,58.2,11.9,0,0,0,4.6,2.1,0.1,0,0
73.4,303,26.6,0,0,0,0,0,0,0,0,0,0
2.9,304,0,0,0,0,0,0,97,81.9,65.7,45.7,21.4
44.6,305,0.8,0.2,0,0,0,0,54.7,29.9,9.3,0.9,0
64.9,306,6.3,1.9,1.3,0,0,0,28.7,15.1,6.7,1.4,0
46.6,307,18.3,0,0,0,0,0,35.1,20,12.6,3.5,0.7
48.4,308,51.2,0.1,0,0,0,0,0.4,0,0,0,0
58.1,309,4.7,0,0,0,0,0,37.2,10.2,0.3,0,0
10.7,310,1.7,0.3,0,0,0,0,87.6,60.1,23.9,14.5,3.2
32.2,311,0,0,0,0,0,0,67.8,51.1,39.1,29.2,19
35.7,312,39.2,9.2,0,0,0,0,25.1,12.7,0.7,0,0
9.3,313,90.7,40,1.8,0,0,0,0,0,0,0,0
14,314,0,0,0,0,0,0,86,45.5,3.4,0,0
84.5,315,11,3.2,1.7,0.4,0,0,4.5,0.8,0.2,0,0
53.3,316,14.5,2.7,0,0,0,0,32.1,5.4,2.8,1,0
43.8,317,2.2,0.7,0,0,0,0,53.9,29.6,7.8,0.3,0
47.6,318,40.1,0.4,0,0,0,0,12.3,5.4,0.7,0,0
35.7,319,1,0,0,0,0,0,63.4,33.5,14.7,0.9,0
20.9,320,78.7,67.7,44.9,11.8,0,0,0.3,0,0,0,0
18.3,321,80.7,39.5,10.6,2.9,0,0,1,0,0,0,0
87.6,322,8.4,1.4,0,0,0,0,4,1,0,0,0
94.1,323,3,1,0,0,0,0,2.9,0,0,0,0
7.1,324,92.9,32.9,0,0,0,0,0,0,0,0,0
80,325,1.2,0,0,0,0,0,18.9,0.4,0,0,0
12.5,326,87.6,59.2,14.2,0,0,0,0,0,0,0,0
35.3,327,64.7,13.2,0,0,0,0,0,0,0,0,0
96.4,328,3.5,0,0,0,0,0,0.1,0,0,0,0
86.2,329,4.3,0.1,0,0,0,0,9.5,0,0,0,0
53.3,330,2.8,0,0,0,0,0,43.9,23.7,1.1,0,0
59.6,331,3,1.1,0,0,0,0,37.4,9.9,3.4,0,0
54.2,332,2.6,0.3,0,0,0,0,43.2,0,0,0,0
21.8,333,74.9,14,0,0,0,0,3.3,1.4,0.1,0,0
49.5,334,0,0,0,0,0,0,50.5,4.3,0,0,0
79.7,335,1.4,0,0,0,0,0,18.9,6.4,2.7,0.3,0
44.6,336,1.1,0,0,0,0,0,54.3,5.4,0,0,0
96.4,337,1.1,0,0,0,0,0,2.6,0,0,0,0
16.9,338,1.4,0,0,0,0,0,81.7,27,0,0,0
69.7,339,1.1,0,0,0,0,0,29.3,1.5,0,0,0
9.4,340,90.3,62.9,16.2,0,0,0,0.2,0,0,0,0
19.4,341,64.8,51.7,21.8,0,0,0,15.8,7.4,0.1,0,0
32.9,342,65.1,43.2,0.8,0,0,0,2,0,0,0,0
40.6,343,27.5,0.3,0,0,0,0,31.9,12.1,5,0.7,0
10.6,344,89.4,67.9,29.5,0,0,0,0,0,0,0,0
51.8,345,45,0,0,0,0,0,3.2,0,0,0,0
69.8,346,0.1,0,0,0,0,0,30.1,0,0,0,0
100,347,0,0,0,0,0,0,0,0,0,0,0
91.6,348,7.5,0,0,0,0,0,1,0,0,0,0
70,349,2.9,0,0,0,0,0,27.1,2.2,0.1,0,0
61.5,350,13.5,0,0,0,0,0,25,8.7,2.5,0,0
83,351,3,0,0,0,0,0,14,0,0,0,0
50.7,352,1.5,0,0,0,0,0,47.9,14.9,0,0,0
96.5,353,2.3,0.6,0,0,0,0,1.2,0,0,0,0
76,354,0.7,0,0,0,0,0,23.2,0.8,0,0,0
24,355,0.4,0,0,0,0,0,75.6,29.1,13.2,1.2,0
59.2,356,1.7,0,0,0,0,0,39.2,9.8,0.8,0,0
92.3,357,3.9,0.6,0,0,0,0,3.9,0.3,0,0,0
55.7,358,9.5,0.7,0,0,0,0,34.8,5.4,0,0,0
10.6,359,89.3,38,0.3,0,0,0,0.1,0,0,0,0
57.1,360,2.6,0,0,0,0,0,40.2,11.7,0,0,0
3.1,361,96.9,91.3,48.8,0.6,0,0,0,0,0,0,0
45.3,362,53,13.7,0,0,0,0,1.7,0,0,0,0
66.3,363,32.7,0,0,0,0,0,1,0,0,0,0
2.8,364,96.9,37.3,0.7,0,0,0,0.3,0,0,0,0
59.5,365,35.2,1,0,0,0,0,5.3,3.4,1.4,0,0
32,366,67.1,26.6,2.4,0,0,0,0.8,0.2,0,0,0
82.2,367,9.2,0,0,0,0,0,8.7,0,0,0,0
82.5,368,15.9,0,0,0,0,0,1.6,0.2,0,0,0
6.9,369,91.8,54.1,15,0,0,0,1.4,0,0,0,0
6.2,370,93.2,88.7,61.4,23.8,0.1,0,0.7,0,0,0,0
48.7,371,0,0,0,0,0,0,51.3,2.6,0,0,0
17.6,372,0.5,0,0,0,0,0,81.8,41.9,5.2,0,0
54.5,373,36.1,0.7,0,0,0,0,9.4,5.5,1.5,0.1,0
17.9,374,1.1,0,0,0,0,0,81,34.6,5.3,1.3,0
63.4,375,33.2,3.5,0,0,0,0,3.4,0,0,0,0
49,376,1.7,0,0,0,0,0,49.4,0,0,0,0
85.5,377,3.8,0,0,0,0,0,10.8,7.9,5.9,2.1,0.1
84.8,378,6,0,0,0,0,0,9.1,4.5,0.9,0,0
21.9,379,1,0,0,0,0,0,77.1,33.6,0.7,0,0
90.2,380,3.1,0,0,0,0,0,6.8,2.1,0.1,0,0
74.4,381,11.7,0,0,0,0,0,13.9,8.3,3.4,0.5,0
9.2,382,85,59.1,10.5,0,0,0,5.8,2.2,0,0,0
93.7,383,6.3,0.1,0,0,0,0,0,0,0,0,0
10.2,384,1,0,0,0,0,0,88.8,46.1,7.8,0,0
4.5,385,92.2,81.8,49.8,18.3,0,0,3.4,0.3,0,0,0
43.2,386,51.9,29.7,10.9,2,0,0,4.9,0,0,0,0
78.6,387,6.4,1.2,0,0,0,0,14.9,0,0,0,0
82.4,388,0,0,0,0,0,0,17.6,3.5,0,0,0
88.2,389,4.5,0,0,0,0,0,7.2,0.1,0,0,0
89.4,390,4.8,0.1,0,0,0,0,5.8,0.6,0,0,0
93.9,391,0.7,0,0,0,0,0,5.4,0,0,0,0
12,392,88,47.3,2.9,0.3,0,0,0,0,0,0,0
33.3,393,61.2,35,2.1,0,0,0,5.5,1.5,0.6,0,0
53,394,4.1,0.1,0,0,0,0,42.9,16.4,1,0,0
81.2,395,0.1,0,0,0,0,0,18.7,1.4,0.3,0,0
58.4,396,37.2,0,0,0,0,0,4.4,0,0,0,0
67.8,397,3,0.1,0,0,0,0,29.1,1.8,0,0,0
63.5,398,34.7,0.2,0,0,0,0,1.9,0,0,0,0
21.6,399,71.3,7.8,0,0,0,0,7,4.5,2.2,0.1,0
16.3,400,83.6,24.8,2,0.1,0,0,0,0,0,0,0
61.4,401,2.1,0,0,0,0,0,36.6,6.4,1.7,0.1,0
59.4,402,29.2,13.1,6.8,2.2,0.2,0,11.3,4.5,0.7,0,0
5.9,403,93.7,58.4,25.9,0.3,0,0,0.3,0,0,0,0
33.8,404,8.5,0.2,0,0,0,0,57.7,15.4,2.7,0,0
80.5,405,19.5,5.9,0.1,0,0,0,0,0,0,0,0
71.7,406,19,1.4,0,0,0,0,9.3,2.3,0.9,0.2,0
27.5,407,1.3,0,0,0,0,0,71.2,39.3,12.9,3.9,0
10.7,408,1,0,0,0,0,0,88.3,59.9,34.9,15.9,6.2
55.1,409,41.8,1.7,0,0,0,0,3.2,0,0,0,0
60,410,1.4,0,0,0,0,0,38.7,15.9,5.9,0,0
90.6,411,1,0,0,0,0,0,8.4,5,0.7,0.1,0
56.2,412,12.4,6.6,3.7,0.5,0,0,31.5,10.6,0.4,0,0
6.6,413,0,0,0,0,0,0,93.3,25.8,6.4,1.7,0.1
32.2,414,0,0,0,0,0,0,67.8,41.2,19.3,0.5,0
29.1,415,27.2,17,8.1,3.9,0.3,0,43.8,28.6,20.2,9.8,0.8
84,416,16,2.7,0,0,0,0,0,0,0,0,0
87.9,417,0.7,0,0,0,0,0,11.4,2.6,0,0,0
45.9,418,39.2,19.9,2.1,0.1,0,0,14.9,4.7,0,0,0
27,419,71,0.2,0,0,0,0,2.1,0,0,0,0
46.8,420,53.1,16.8,0.5,0,0,0,0.1,0,0,0,0
46.1,421,1,0,0,0,0,0,52.9,18.8,0.3,0,0
26.4,422,1,0,0,0,0,0,72.7,35.5,10.7,0,0
31,423,66.4,36.7,3.5,0,0,0,2.8,0,0,0,0
95,424,5,0,0,0,0,0,0,0,0,0,0
81.9,425,18.1,1.4,0,0,0,0,0,0,0,0,0
0.6,426,99.5,91.8,29.3,0,0,0,0,0,0,0,0
29.9,427,67.8,22.9,0,0,0,0,2.3,0,0,0,0
97.8,428,0,0,0,0,0,0,2.2,0.3,0,0,0
42.8,429,51.6,1.3,0,0,0,0,5.5,1.4,0,0,0
51.6,430,0,0,0,0,0,0,48.4,4.5,0,0,0
8.9,431,91.1,70.8,17.7,0,0,0,0,0,0,0,0
59.5,432,39.9,0,0,0,0,0,0.7,0,0,0,0
1.8,433,0,0,0,0,0,0,98.2,95.4,81.3,40.9,10
39.8,434,1.2,0,0,0,0,0,58.9,34.2,13.1,0.7,0
70,435,11.3,0,0,0,0,0,18.7,0.1,0,0,0
11.3,436,0,0,0,0,0,0,88.7,68.3,29.1,3.1,0
41,437,8.7,4.5,1.5,0.1,0,0,50.4,12.6,1.8,0,0
22.6,438,68.2,14.7,0,0,0,0,9.3,2.4,0.3,0.2,0
34.4,439,62.8,31.3,0,0,0,0,2.9,0,0,0,0
84.6,440,14.5,1.7,0,0,0,0,0.9,0,0,0,0
39.5,441,8.8,0,0,0,0,0,51.8,27,5.5,0,0
30.9,442,62.9,12.2,4.1,0.4,0,0,6.2,0.7,0,0,0
43.3,443,26,14.6,0,0,0,0,30.8,20.2,13.6,10.6,6.1
80.5,444,8.3,0,0,0,0,0,11.2,2.7,0,0,0
32.7,445,0,0,0,0,0,0,67.3,28.9,7.4,0,0
9.5,446,82.7,34.2,0,0,0,0,7.9,5.4,1.5,0.1,0
5.5,447,94.5,90.7,68.1,0.6,0,0,0,0,0,0,0
79.5,448,15,2.4,0.1,0,0,0,5.4,1.4,0.1,0,0
7.8,449,84.3,60.8,9.5,2.4,0,0,7.9,7.2,5,4.5,2.1
30.2,450,2.8,0,0,0,0,0,67.2,41.9,8.7,2.3,0.1
75.7,451,7.7,1.2,0,0,0,0,16.6,3.3,0.3,0,0
6.4,452,93.6,79.9,31.2,1.7,0,0,0,0,0,0,0
16.2,453,81.6,27.4,0,0,0,0,2.3,0,0,0,0
55.9,454,0.3,0,0,0,0,0,43.8,2.8,0,0,0
0,455,100,96.1,49.1,5.2,0,0,0,0,0,0,0
0,456,100,47.8,0,0,0,0,0,0,0,0,0
51,457,49.1,0.7,0,0,0,0,0,0,0,0,0
73.7,458,2.8,0,0,0,0,0,23.4,0,0,0,0
14.9,459,0,0,0,0,0,0,85.2,61.5,35.9,12.3,0
59.6,460,40.4,0,0,0,0,0,0,0,0,0,0
12.9,461,87.2,54.5,0.7,0,0,0,0,0,0,0,0
100,462,0,0,0,0,0,0,0,0,0,0,0
0.6,463,99.5,89.4,42.3,2.6,0,0,0,0,0,0,0
84.1,464,3.3,0,0,0,0,0,12.6,0,0,0,0
7.4,465,0,0,0,0,0,0,92.6,14.4,0,0,0
77.3,466,22.8,0,0,0,0,0,0,0,0,0,0
86.2,467,3.2,0,0,0,0,0,10.7,3.5,0.1,0,0
60.1,468,0,0,0,0,0,0,39.9,1,0,0,0
63.3,469,34.7,10.1,0,0,0,0,2.1,0,0,0,0
59.5,470,15.5,0,0,0,0,0,25,0.2,0,0,0
16.6,471,83.4,13.4,0,0,0,0,0,0,0,0,0
7.7,472,85.1,8.9,0,0,0,0,7.3,4.7,1.1,0.1,0
16.5,473,83.5,66.5,13.3,0,0,0,0,0,0,0,0
4.9,474,87.8,61.7,2.4,0,0,0,7.3,5,2.9,0.3,0
22.3,475,0.1,0,0,0,0,0,77.6,18.6,4.7,0.9,0.1
93.3,476,4.1,0,0,0,0,0,2.6,0,0,0,0
1.8,477,0,0,0,0,0,0,98.2,80.8,48,24.3,2.2
76.3,478,3.9,0,0,0,0,0,19.8,0.1,0,0,0
93.3,479,2.4,0.6,0,0,0,0,4.2,0.7,0,0,0
47.3,480,12.4,0,0,0,0,0,40.2,17.4,2.1,0,0
85.2,481,9.2,0,0,0,0,0,5.6,0.2,0,0,0
53.7,482,4,0,0,0,0,0,42.3,3.2,0,0,0
72.3,483,20.9,0,0,0,0,0,6.8,4.2,1.1,0.1,0
10.3,484,0,0,0,0,0,0,89.8,19.3,0,0,0
80.8,485,16.1,0,0,0,0,0,3.1,0.1,0,0,0
15.6,486,75.4,21.1,2,0,0,0,9,4.9,0.7,0,0
47,487,0,0,0,0,0,0,53,0,0,0,0
25.4,488,74.6,16.5,2.8,0.5,0,0,0,0,0,0,0
29.7,489,0.7,0.1,0,0,0,0,69.5,46.2,22.4,4.1,0
10,490,0,0,0,0,0,0,90,48.1,0,0,0
93.4,491,3.7,0,0,0,0,0,3,0,0,0,0
59.3,492,0,0,0,0,0,0,40.8,6.2,0.5,0,0
12.9,493,87,42.1,7.4,0,0,0,0,0,0,0,0
10.3,494,0,0,0,0,0,0,89.7,22.8,0,0,0
10.3,495,0,0,0,0,0,0,89.7,71,50.9,16.2,2.2
8.1,496,0,0,0,0,0,0,91.9,73.8,14.6,0,0
74.3,497,0,0,0,0,0,0,25.7,0,0,0,0
70.1,498,0,0,0,0,0,0,29.9,3.1,0,0,0
1.7,499,0,0,0,0,0,0,98.3,42.7,0,0,0
53.6,500,34.3,0.3,0,0,0,0,12.2,8.1,5.3,2.4,0.1
63.4,501,23.4,7.4,0,0,0,0,13.2,9.4,7.8,5.5,2
36.2,502,0,0,0,0,0,0,63.8,35.8,5.1,1.9,0
27.5,503,0,0,0,0,0,0,72.5,43.6,19.2,5.3,0
0.2,504,0,0,0,0,0,0,99.8,82.7,54.5,22.6,3.4
77.6,505,12.1,5,0.3,0,0,0,10.3,0,0,0,0
72.5,506,27.5,2.1,0.1,0,0,0,0,0,0,0,0
11.1,507,79.7,24.8,0,0,0,0,9.1,2.1,0,0,0
17.4,508,75.9,56.9,0.7,0,0,0,6.7,1.6,0,0,0
71.2,509,5.9,0,0,0,0,0,22.9,12.3,5.8,0.7,0
15.2,510,0,0,0,0,0,0,84.8,21.8,0,0,0
89,511,0,0,0,0,0,0,11,0,0,0,0
15.3,512,77.2,39.2,0.8,0,0,0,7.5,3.7,0.1,0,0
5.9,513,94.1,76.3,35.3,2.1,0,0,0,0,0,0,0
54.3,514,19.7,0,0,0,0,0,26.1,15.6,9,1.6,0
16.6,515,81.4,42.1,13.4,0,0,0,2,0.7,0,0,0
4.2,516,95.8,76.5,46.8,22.7,2.6,0,0,0,0,0,0
7.3,517,92.7,66,34.7,5.3,0,0,0,0,0,0,0
80.4,518,18.9,4.7,0.2,0,0,0,0.7,0,0,0,0
82.3,519,17.7,0.3,0,0,0,0,0,0,0,0,0
2,520,98,69.4,8.9,0.1,0,0,0,0,0,0,0
92.7,521,3.4,0,0,0,0,0,3.8,0.7,0,0,0
28.9,522,0,0,0,0,0,0,71.1,39.3,12.5,0,0
10.7,523,0,0,0,0,0,0,89.3,79.5,60.7,36.5,15.9
70.6,524,29.4,0,0,0,0,0,0,0,0,0,0
54.5,525,36.8,0,0,0,0,0,8.7,5.5,1.5,0,0
2.1,526,97.9,96.2,81,52.5,22.5,0,0,0,0,0,0
52.9,527,46.6,1.6,0,0,0,0,0.4,0,0,0,0
88.4,528,7.3,1.6,0,0,0,0,4.3,1.8,0,0,0
89.1,529,2.7,0.6,0.1,0,0,0,8.2,5.4,1.1,0.1,0
25.9,530,0.8,0,0,0,0,0,73.4,27.2,0,0,0
53.7,531,42.7,0.8,0,0,0,0,3.6,0.1,0,0,0
76.1,532,0,0,0,0,0,0,23.9,7.3,2.4,0.4,0
58.7,533,23.6,0,0,0,0,0,17.7,7.2,1.6,0.4,0
50.7,534,4.2,0,0,0,0,0,45.1,5.6,0,0,0
34.4,535,65.6,29.2,4.3,0,0,0,0,0,0,0,0
3,536,97,69,8.1,0,0,0,0,0,0,0,0
62.7,537,0,0,0,0,0,0,37.3,0,0,0,0
68.8,538,2.3,0,0,0,0,0,28.9,6.1,0.3,0,0
19.8,539,78.3,22.1,0,0,0,0,1.9,0,0,0,0
90.1,540,2.6,0,0,0,0,0,7.4,2.3,0,0,0
73.4,541,0.4,0,0,0,0,0,26.2,2.6,0,0,0
4.9,542,95.1,85.5,40.6,0.3,0,0,0,0,0,0,0
1.8,543,98.3,96.4,64.4,2.9,0,0,0,0,0,0,0
45.6,544,8.7,2.1,0,0,0,0,45.7,1.4,0,0,0
85.9,545,5.2,0.1,0,0,0,0,8.8,3.1,0,0,0
0,546,0,0,0,0,0,0,100,80.6,40.9,15.7,1.7
3.5,547,0,0,0,0,0,0,96.6,88.8,72.8,28.8,5.2
17.2,548,0.7,0,0,0,0,0,82.1,42.1,8.7,0.1,0
1.6,549,0,0,0,0,0,0,98.5,66.2,29.5,5.1,0
15.4,550,0,0,0,0,0,0,84.6,43.2,14.9,0.1,0
8.4,551,0,0,0,0,0,0,91.6,63.8,25.3,1,0
14.4,552,0,0,0,0,0,0,85.6,55.5,11.6,1,0
91.7,553,0.7,0,0,0,0,0,7.6,1.7,0,0,0
0,554,100,95.2,77.9,24.3,0,0,0,0,0,0,0
16.9,555,0,0,0,0,0,0,83.1,33.9,1.1,0,0
39.7,556,0,0,0,0,0,0,60.3,19.4,0,0,0
29.6,557,0,0,0,0,0,0,70.4,45,21.9,3,0
66.5,558,21,0,0,0,0,0,12.6,1.2,0,0,0
83.3,559,0,0,0,0,0,0,16.7,5.1,0.6,0,0
93.4,560,3,0,0,0,0,0,3.7,0,0,0,0
22.7,561,74.8,53,3.1,0,0,0,2.5,0.3,0,0,0
44.8,562,4.6,0.5,0,0,0,0,50.6,4.5,0,0,0
0,563,100,82.3,61.9,42.7,22.9,0,0,0,0,0,0
43.2,564,49.3,15.2,4.5,0.2,0,0,7.5,1.1,0,0,0
12.3,565,87.7,60.5,18.7,0,0,0,0,0,0,0,0
80.4,566,12,0,0,0,0,0,7.6,0,0,0,0
36,567,0,0,0,0,0,0,63.9,29.1,6.4,0.6,0
13.4,568,86.6,45.1,0.7,0,0,0,0,0,0,0,0
12.3,569,87.7,75.2,53,25.5,1,0,0,0,0,0,0
48.5,570,43,7.4,0.6,0,0,0,8.6,0,0,0,0
3.8,571,0,0,0,0,0,0,96.3,79.9,23.5,0,0
16.9,572,0,0,0,0,0,0,83.1,48.7,18,0.4,0
18.1,573,0,0,0,0,0,0,81.9,7.9,0,0,0
5.7,574,0,0,0,0,0,0,94.4,84.7,63.1,24.1,6.7
3.5,575,0,0,0,0,0,0,96.5,89.7,83.5,70.5,50.4
38,576,0.1,0,0,0,0,0,61.9,15.6,0,0,0
73.5,577,5.9,0,0,0,0,0,20.6,0.3,0,0,0
14,578,86,42.1,1.1,0,0,0,0,0,0,0,0
65.3,579,30.8,2.1,0,0,0,0,4.1,1.1,0.1,0,0
56,580,40.4,3,0,0,0,0,3.7,1.1,0.1,0,0
9.1,581,0,0,0,0,0,0,91,42.2,10.3,2.3,0.6
5.3,582,0,0,0,0,0,0,94.8,18.1,4.4,0.2,0
58.3,583,0,0,0,0,0,0,41.7,24.1,4.9,0.1,0
34.7,584,64.5,33,3.9,0,0,0,0.9,0,0,0,0
95.5,585,0,0,0,0,0,0,4.5,0.7,0,0,0
88.9,586,4,0,0,0,0,0,7.1,1.6,0.3,0,0
18.4,587,3.5,0.8,0,0,0,0,78.1,48,5.5,0,0
2.8,588,97.2,56.9,13.2,0,0,0,0,0,0,0,0
0.7,589,0,0,0,0,0,0,99.3,91.3,69,31.5,5.1
2.3,590,97.7,54,8.7,0.1,0,0,0,0,0,0,0
0,591,99.9,79.9,61.8,39.9,18.8,0,0,0,0,0,0
5.8,592,0,0,0,0,0,0,94.3,55.4,3.5,0.1,0
6.6,593,0,0,0,0,0,0,93.4,32.6,0,0,0
19.8,594,2,0.2,0,0,0,0,78.2,14.8,0,0,0
9.7,595,0,0,0,0,0,0,90.4,39.4,4.5,0,0
83.7,596,11.4,2,0.1,0,0,0,4.9,0,0,0,0
58,597,40.4,7.1,0,0,0,0,1.5,0,0,0,0
57.8,598,12.3,0,0,0,0,0,30,13.7,0,0,0
6.4,599,93.6,28,1.6,0,0,0,0,0,0,0,0
15.3,600,7,0.3,0,0,0,0,77.7,49.5,12.6,0.7,0
19,601,0,0,0,0,0,0,81,40.5,5.2,0.4,0
64.8,602,0.8,0,0,0,0,0,34.4,1.6,0,0,0
18.9,603,81.1,20.1,0,0,0,0,0,0,0,0,0
45.4,604,53.9,1.5,0,0,0,0,0.8,0.3,0,0,0
79.6,605,0,0,0,0,0,0,20.4,0,0,0,0
54.6,606,44.7,7,0.8,0,0,0,0.8,0,0,0,0
98.8,607,1.2,0,0,0,0,0,0,0,0,0,0
5.5,608,0,0,0,0,0,0,94.5,62.4,7.2,0,0
64.7,609,3.8,0,0,0,0,0,31.5,0,0,0,0
55.7,610,38.4,2,0,0,0,0,6,2.8,0,0,0
0,611,100.1,99.7,72.3,48.2,27.5,0,0,0,0,0,0
82.1,612,17.9,9,5.2,1.8,0.3,0,0,0,0,0,0
80.3,613,19.8,0.3,0,0,0,0,0,0,0,0,0
69.1,614,30.9,0.3,0,0,0,0,0,0,0,0,0
3.6,615,96.4,60.4,12.7,0,0,0,0,0,0,0,0
63.3,616,36.7,7.8,0.7,0,0,0,0,0,0,0,0
77,617,9.6,0.8,0,0,0,0,13.5,2.4,0,0,0
44.2,618,10.6,0.1,0,0,0,0,45.2,21.9,0.4,0,0
55.5,619,44.1,12.8,0,0,0,0,0.4,0,0,0,0
0.5,620,99.5,95.5,73.3,13,0,0,0,0,0,0,0
13.2,621,2.3,0,0,0,0,0,84.6,59.7,18.8,0,0
7.6,622,0.3,0,0,0,0,0,92,87,80.9,70.6,58.2
29,623,0.2,0,0,0,0,0,70.8,20.1,3.5,0,0
88.4,624,11.6,1.7,0.1,0,0,0,0,0,0,0,0
6,625,94.1,3.1,0,0,0,0,0,0,0,0,0
0.5,626,99.5,29.4,2.8,0,0,0,0,0,0,0,0
71.7,627,16.3,2.8,0.2,0,0,0,12,0,0,0,0
1,628,0,0,0,0,0,0,99,78.1,49.1,15.1,0.5
22.3,629,0,0,0,0,0,0,77.7,13.7,3.5,0.4,0
2.2,630,97.8,88.1,54.7,14.8,0.2,0,0,0,0,0,0
63.8,631,36.1,3.2,0.1,0,0,0,0.1,0,0,0,0
77.6,632,0,0,0,0,0,0,22.4,5.4,0.5,0,0
52.1,633,40.3,0.7,0,0,0,0,7.5,3.3,0.8,0,0
29.1,634,70.7,26.7,0,0,0,0,0.2,0,0,0,0
75.8,635,1.8,0,0,0,0,0,22.4,0.3,0,0,0
0,636,0,0,0,0,0,0,100.1,100.1,98.9,96.8,92.9
5.2,637,0,0,0,0,0,0,94.8,55.9,32.4,10.8,2.4
73.5,638,16,1.8,0.5,0.1,0,0,10.6,0,0,0,0
41,639,57.9,2.2,0,0,0,0,1.1,0,0,0,0
15.3,640,84.7,46.9,11.9,0.1,0,0,0,0,0,0,0
5.2,641,1.6,0.1,0,0,0,0,93.2,71.6,30.5,7,0
72.6,642,27.4,11.8,4.8,1.2,0,0,0,0,0,0,0
37.5,643,31.5,16.5,7.7,3.3,0.6,0,31.1,18.4,7.8,1.2,0
79.4,644,20.5,0.8,0,0,0,0,0.1,0,0,0,0
0,645,100.1,99.9,98.6,85,31.1,0,0,0,0,0,0
3.1,646,96.9,93.9,85.3,32.8,2.3,0,0,0,0,0,0
36.9,647,63.1,17.6,0,0,0,0,0,0,0,0,0
42.7,648,52.9,8.3,0.3,0,0,0,4.3,0,0,0,0
13.5,649,3,0.6,0,0,0,0,83.5,37.7,2.4,0,0
34.9,650,0,0,0,0,0,0,65.1,18.9,0,0,0
29.2,651,70.8,33.8,5.8,1.1,0,0,0,0,0,0,0
93.8,652,4.9,0,0,0,0,0,1.4,0,0,0,0
74.9,653,5.6,1.4,0.1,0,0,0,19.4,0,0,0,0
71.4,654,28.3,0,0,0,0,0,0.3,0,0,0,0
64.8,655,0,0,0,0,0,0,35.2,6.2,0,0,0
6.4,656,0,0,0,0,0,0,93.7,79.4,57.4,30.7,10.2
41.3,657,13.4,5.9,0,0,0,0,45.3,30.5,15.4,6.1,0
63.3,658,35.3,5.3,1.8,0.1,0,0,1.4,0,0,0,0
90.9,659,5.5,0,0,0,0,0,3.6,0,0,0,0
0.2,660,99.8,96.3,84,31,0,0,0,0,0,0,0
5.1,661,94.9,71.2,14.5,1.9,0,0,0,0,0,0,0
72.4,662,10.8,0,0,0,0,0,16.8,2.5,0.1,0,0
7.4,663,92.4,73.1,3.9,0,0,0,0.2,0,0,0,0
3.8,664,96.3,73.8,32.9,5.3,0,0,0,0,0,0,0
18.4,665,0,0,0,0,0,0,81.6,28.7,0,0,0
9.4,666,0,0,0,0,0,0,90.6,24.5,2.1,0,0
5.7,667,0,0,0,0,0,0,94.3,82.1,27.1,1.4,0
57.8,668,0,0,0,0,0,0,42.3,17.3,0.2,0,0
57.4,669,40.9,2.5,0,0,0,0,1.7,0,0,0,0
90.5,670,1.1,0,0,0,0,0,8.4,0,0,0,0
89.2,671,0.7,0,0,0,0,0,10,2.2,0.4,0,0
49,672,0,0,0,0,0,0,51.1,26.3,8.3,0,0
2.9,673,0,0,0,0,0,0,97,75.8,51,33.3,13.8
70.1,674,5.9,0.8,0,0,0,0,24,9.8,3.2,0,0
93.8,675,0,0,0,0,0,0,6.2,0.2,0,0,0
47,676,0.5,0,0,0,0,0,52.5,2.5,0,0,0
0,677,100,96.9,61.4,13.7,0.7,0,0,0,0,0,0
7.9,678,92.1,40.7,19.4,6.4,2.9,0,0,0,0,0,0
36.4,679,0,0,0,0,0,0,63.6,21,1,0,0
100,680,0,0,0,0,0,0,0,0,0,0,0
57.2,681,42.8,1.7,0,0,0,0,0,0,0,0,0
36.1,682,0,0,0,0,0,0,63.9,6.1,0,0,0
22.9,683,4.2,0,0,0,0,0,73,34.7,4.9,0,0
7,684,0,0,0,0,0,0,92.9,83.6,70.9,45.7,20.2
13.4,685,3.6,1.4,0.1,0,0,0,83,18.2,0,0,0
0,686,99.9,95.5,41.7,2.7,0,0,0,0,0,0,0
50.6,687,47.6,8.8,0,0,0,0,1.8,0,0,0,0
6.8,688,0,0,0,0,0,0,93.1,58.5,29.6,2.1,0
0.9,689,0,0,0,0,0,0,99.1,97.7,93.5,80,47.3
51.7,690,31.1,2,0,0,0,0,17.3,2,0,0,0
31,691,0,0,0,0,0,0,69,44.8,12.7,0,0
60.5,692,17.8,0,0,0,0,0,21.7,3.3,0.9,0,0
31.3,693,0,0,0,0,0,0,68.7,26.7,0,0,0
57.2,694,42.8,11.1,0,0,0,0,0,0,0,0,0
41,695,0,0,0,0,0,0,59,22.1,0.3,0,0
77.2,696,9.5,0.4,0,0,0,0,13.4,0,0,0,0
74.5,697,4.5,0.6,0.1,0,0,0,20.9,4.3,1,0.4,0
92.4,698,7.7,0.1,0,0,0,0,0,0,0,0,0
50.3,699,44.5,23.6,11.1,3.6,0.1,0,5.4,1.3,0,0,0
53.9,700,37,4.7,0,0,0,0,9,1.3,0,0,0
79,701,21,10,7.8,5.6,1.2,0,0,0,0,0,0
92,702,8,0.2,0,0,0,0,0,0,0,0,0
94.3,703,5.6,0.2,0,0,0,0,0,0,0,0,0
0,704,100,89.2,51.3,17.2,0,0,0,0,0,0,0
37.9,705,60.1,6.2,0,0,0,0,1.9,0,0,0,0
0.2,706,99.7,84.7,28.2,3.3,0,0,0,0,0,0,0
7.7,707,92.4,58.3,29.5,12.8,5.1,0,0,0,0,0,0
55.1,708,0.2,0,0,0,0,0,44.7,8.1,2.8,0.1,0
0,709,100,61.2,3.4,0,0,0,0,0,0,0,0
65,710,0,0,0,0,0,0,35,0.5,0,0,0
53.1,711,46.6,0,0,0,0,0,0.4,0,0,0,0
4.7,712,95.3,74.1,11.2,0,0,0,0,0,0,0,0
87.4,713,7.7,0,0,0,0,0,5,0.1,0,0,0
37.2,714,0,0,0,0,0,0,62.8,0,0,0,0
83,715,0,0,0,0,0,0,17.1,2.2,0.3,0,0
74.5,716,20,4.2,0,0,0,0,5.6,0,0,0,0
34,717,65,31.3,0.3,0,0,0,1,0.1,0,0,0
13.1,718,80.2,21.7,0,0,0,0,6.6,3.2,0.3,0,0
24.5,719,2.1,0,0,0,0,0,73.4,30.5,0.8,0,0
19.3,720,4.7,0,0,0,0,0,76,48.2,3.7,0,0
54.5,721,31.5,2.7,0,0,0,0,14,0.7,0,0,0
36.8,722,63.1,0,0,0,0,0,0.1,0,0,0,0
37.4,723,59.9,29.6,0,0,0,0,2.8,0.8,0,0,0
1,724,99,75,21.2,0,0,0,0.1,0,0,0,0
48,725,0,0,0,0,0,0,52,4,0,0,0
78.2,726,0,0,0,0,0,0,21.8,2.5,0,0,0
87.8,727,0.7,0.1,0,0,0,0,11.5,0,0,0,0
1.5,728,0,0,0,0,0,0,98.5,89.6,62,9.8,0
67.1,729,0.2,0,0,0,0,0,32.7,5.7,0,0,0
7.8,730,0,0,0,0,0,0,92.2,86.6,76.3,36.7,16.8
0.4,731,0,0,0,0,0,0,99.7,94.5,83.7,68.2,36.5
59,732,0,0,0,0,0,0,41,14.2,1.2,0,0
41.7,733,0.1,0,0,0,0,0,58.2,5.2,0,0,0
77.5,734,22.5,6.7,2.6,0,0,0,0,0,0,0,0
34.2,735,61.9,7.3,0,0,0,0,4.1,0.1,0,0,0
74.6,736,9.5,2.4,0,0,0,0,15.9,7,2.6,0.1,0
49,737,1.6,0,0,0,0,0,49.4,17.3,2.3,0,0
0,738,100,100,94.4,74.5,47.5,0,0,0,0,0,0
0,739,99.9,98.4,54.3,6.1,0,0,0,0,0,0,0
39.8,740,0,0,0,0,0,0,60.2,21.7,0.1,0,0
67.1,741,23.9,0,0,0,0,0,8.9,2.9,0,0,0
9.8,742,82.9,74.3,35.4,0,0,0,7.2,2.8,0.6,0,0
46.9,743,24.2,4.4,0,0,0,0,29,9.1,0.7,0,0
79,744,19.9,1.9,0,0,0,0,1.1,0.1,0,0,0
70,745,30,1.7,0.1,0,0,0,0,0,0,0,0
38.3,746,0,0,0,0,0,0,61.7,11.9,1.7,0,0
55,747,4.3,0.3,0,0,0,0,40.7,17.6,6.9,3.6,0.4
13.3,748,86.7,48.4,14.4,0,0,0,0,0,0,0,0
60.8,749,17.6,5.1,0.1,0,0,0,21.8,9.1,3.9,0.8,0
42.4,750,57.7,27.3,7.3,0,0,0,0,0,0,0,0
0,751,100,98.1,77.8,43,20.1,0,0,0,0,0,0
54.6,752,44.3,1,0,0,0,0,1.1,0,0,0,0
92.1,753,0,0,0,0,0,0,7.9,0.2,0,0,0
96.2,754,1.4,0,0,0,0,0,2.3,0,0,0,0
83.5,755,11.5,5.5,0.5,0,0,0,5,0.3,0,0,0
73.5,756,26.5,0,0,0,0,0,0,0,0,0,0
13.5,757,86.5,53.6,4,0,0,0,0,0,0,0,0
92.3,758,2,0.1,0,0,0,0,5.7,0,0,0,0
24.8,759,0,0,0,0,0,0,75.2,45.9,4.5,0,0
65.1,760,21.7,2.4,0,0,0,0,13.2,0.9,0,0,0
40.7,761,48.5,24.5,4.6,0,0,0,10.8,7.1,3.8,1.4,0.6
32.8,762,57.8,7.9,0,0,0,0,9.5,2.5,0,0,0
94.2,763,5.8,0,0,0,0,0,0,0,0,0,0
83.8,764,13.7,0,0,0,0,0,2.5,0,0,0,0
25,765,0,0,0,0,0,0,75,41,14.3,1.7,0
0,766,0,0,0,0,0,0,100,98.4,49.4,17.1,0.3
71.5,767,28.5,4.4,0.6,0,0,0,0,0,0,0,0
3.6,768,0,0,0,0,0,0,96.4,73.4,21.5,0,0
71.3,769,0,0,0,0,0,0,28.8,9,0.1,0,0
13.9,770,86.1,43.2,0,0,0,0,0,0,0,0,0
12.3,771,87.7,30.6,5.5,0,0,0,0,0,0,0,0
8.1,772,0,0,0,0,0,0,92,78.2,30,0.3,0
77.2,773,0,0,0,0,0,0,22.8,0,0,0,0
0,774,100.1,83.6,31.6,0,0,0,0,0,0,0,0
47.2,775,52.8,2.2,0.1,0,0,0,0,0,0,0,0
48.4,776,0,0,0,0,0,0,51.7,1.2,0,0,0
54.5,777,0,0,0,0,0,0,45.5,13.9,1.9,0,0
56.7,778,43.3,13.1,0.3,0,0,0,0,0,0,0,0
3,779,97,69.4,36.7,1.7,0,0,0,0,0,0,0
13.9,780,0,0,0,0,0,0,86.2,53.4,24.2,3.9,0.3
35.2,781,0.4,0,0,0,0,0,64.4,15.7,1.8,0,0
9.6,782,90.5,64,26.7,2.1,0,0,0,0,0,0,0
71,783,0,0,0,0,0,0,29.1,1.4,0,0,0
5.5,784,0,0,0,0,0,0,94.6,75.3,55.6,32.7,12.1
0,785,0,0,0,0,0,0,100,83.3,47.6,28.6,8.2
51.6,786,33.6,0,0,0,0,0,14.7,9.4,5.4,2.2,0.6
15,787,0.1,0,0,0,0,0,84.9,58.7,24.6,6.5,0.8
65.9,788,4.4,0,0,0,0,0,29.6,13.4,8.2,6,2.6
75.5,789,0,0,0,0,0,0,24.5,10.3,3.6,0,0
92.1,790,0.3,0,0,0,0,0,7.6,1.5,0,0,0
44.5,791,55.5,21.7,1.9,0,0,0,0,0,0,0,0
34.2,792,26.4,14.2,7.2,0.6,0,0,39.4,20.3,5.5,0.4,0
21.4,793,5.7,0.6,0,0,0,0,72.9,14.5,0,0,0
63.3,794,15.6,2.7,0,0,0,0,21.2,3.1,0,0,0
17.8,795,81.8,44.6,0.3,0,0,0,0.4,0,0,0,0
58.2,796,40.6,5.4,1.1,0,0,0,1.3,0,0,0,0
3.9,797,96.1,64.3,22.9,2,0,0,0,0,0,0,0
52,798,1.3,0.3,0,0,0,0,46.7,13.8,1.5,0,0
88.3,799,7.8,1.5,0.3,0,0,0,3.9,0,0,0,0
8.8,800,0,0,0,0,0,0,91.3,68.5,21.7,5.5,0
0.1,801,0,0,0,0,0,0,100,71.7,21.3,6.1,0
2.6,802,0,0,0,0,0,0,97.5,52.3,25.9,12.9,5.7
0.1,803,0,0,0,0,0,0,99.9,94.9,79.6,60.5,42.1
2,804,0,0,0,0,0,0,98,81.1,59.9,36.6,10.7
32.4,805,3.4,0.2,0,0,0,0,64.2,19.6,9.6,4.5,0.4
61.1,806,24.9,8.5,1.9,0,0,0,14,0,0,0,0
6.4,807,93.6,26.2,0.3,0,0,0,0,0,0,0,0
22.5,808,70.9,41.1,16.5,0,0,0,6.5,2.7,0.8,0,0
0,809,99.9,99.9,97.6,85.3,64.1,0,0,0,0,0,0
47,810,0.2,0,0,0,0,0,52.8,7.5,2.1,0.6,0
59,811,0,0,0,0,0,0,41,15.6,4.9,0.2,0
66.8,812,0,0,0,0,0,0,33.2,15,4.8,0.7,0
17.8,813,0.5,0,0,0,0,0,81.6,30,0.4,0,0
50.8,814,14.1,6.3,2.2,0.6,0,0,35.1,0.3,0,0,0
86.1,815,13.9,7.8,3.1,0.6,0,0,0,0,0,0,0
38.5,816,61.5,0,0,0,0,0,0,0,0,0,0
4.9,817,95.1,71.5,42.2,17,1.3,0,0,0,0,0,0
5.2,818,94.7,76.7,34.8,0.1,0,0,0,0,0,0,0
9.3,819,90.6,66.6,43.3,29.4,16.3,0,0,0,0,0,0
7.3,820,0,0,0,0,0,0,92.8,84.1,74.8,43.3,20.7
0,821,0,0,0,0,0,0,100,100,96.3,83.1,65.2
0,822,0,0,0,0,0,0,100,99.3,65,16.2,0.7
2.5,823,97.5,92.2,61.2,24.4,4.3,0,0,0,0,0,0
0.6,824,99.5,93.9,31,0,0,0,0,0,0,0,0
1,825,99.1,85.4,19.7,0,0,0,0,0,0,0,0
55.2,826,0,0,0,0,0,0,44.9,28.3,6.8,0,0
69.9,827,0,0,0,0,0,0,30.1,4.2,0,0,0
25.7,828,0.4,0,0,0,0,0,74,13.1,0,0,0
2.3,829,97.8,77.5,34.5,4.4,0,0,0,0,0,0,0
3.9,830,96.1,80.1,49.2,21.2,1.7,0,0,0,0,0,0
16.3,831,0,0,0,0,0,0,83.7,53.8,16.9,4.6,0
52,832,0,0,0,0,0,0,48,10.5,3.2,0,0
73.5,833,0,0,0,0,0,0,26.6,8.3,0,0,0
74.6,834,2.7,0,0,0,0,0,22.8,13.7,4.8,0.8,0
38.9,835,56.4,27,0.7,0,0,0,4.8,0.3,0,0,0
92.8,836,7.1,0,0,0,0,0,0.1,0,0,0,0
18.3,837,81.8,29.5,0,0,0,0,0,0,0,0,0
89.9,838,9.8,0,0,0,0,0,0.3,0,0,0,0
57.2,839,42.8,9.4,0.1,0,0,0,0,0,0,0,0
1.4,840,98.5,85.4,37.5,1.4,0,0,0.1,0,0,0,0
50.4,841,49.6,21.8,4.5,0,0,0,0,0,0,0,0
65.2,842,0,0,0,0,0,0,34.8,0.3,0,0,0
0,843,0,0,0,0,0,0,99.9,95.5,50.4,10.2,0
89.2,844,0.1,0,0,0,0,0,10.7,2.4,0,0,0
93,845,2.4,0,0,0,0,0,4.6,0,0,0,0
34.2,846,61.9,10.8,0,0,0,0,4,0.2,0,0,0
0,847,100,99.6,86.8,32.4,1.4,0,0,0,0,0,0
84.4,848,14.8,5.3,0,0,0,0,0.8,0,0,0,0
64.4,849,34.8,1.8,0,0,0,0,0.8,0,0,0,0
73.4,850,6,0,0,0,0,0,20.7,5.5,0.6,0,0
56,851,34.2,0,0,0,0,0,9.8,3.3,1,0.2,0
26.5,852,0.4,0,0,0,0,0,73.1,22.2,7.3,1.7,0.6
62.2,853,1,0,0,0,0,0,36.8,0,0,0,0
0.3,854,0,0,0,0,0,0,99.8,61.5,19.3,0.7,0
86.3,855,0,0,0,0,0,0,13.7,6,0,0,0
47.7,856,0,0,0,0,0,0,52.3,1.3,0,0,0
14.8,857,83.9,23,0.3,0,0,0,1.3,0.2,0,0,0
0.5,858,0,0,0,0,0,0,99.4,68.9,21.4,0,0
90.7,859,0.1,0,0,0,0,0,9.2,0,0,0,0
66.2,860,26.7,10.4,1.1,0,0,0,7.1,2.9,0,0,0
86.2,861,9.8,2.8,0,0,0,0,4,0,0,0,0
44.3,862,10.8,0.4,0,0,0,0,44.9,0.1,0,0,0
56.6,863,28.4,3.8,0,0,0,0,15,4.8,0,0,0
73.7,864,24.4,0.3,0,0,0,0,1.9,0.4,0,0,0
44.1,865,50.5,28.7,9.4,3,0.2,0,5.4,0.2,0,0,0
98.1,866,1.9,0,0,0,0,0,0,0,0,0,0
5.9,867,93.8,55.9,16.4,0.1,0,0,0.3,0,0,0,0
14.7,868,84.6,58.5,3.7,0.4,0,0,0.6,0,0,0,0
21.6,869,0.6,0.1,0,0,0,0,77.8,30,1.2,0,0
52.9,870,46.9,0,0,0,0,0,0.2,0,0,0,0
70.4,871,10.2,0.3,0,0,0,0,19.4,2.3,0,0,0
66.6,872,33.2,3.3,0,0,0,0,0.2,0,0,0,0
60.3,873,8.6,1.1,0,0,0,0,31.1,10.8,0.6,0,0
58.5,874,37.6,16.3,8.1,2.9,0,0,3.9,0.4,0,0,0
39.6,875,57.5,23,0,0,0,0,2.9,0.8,0.2,0,0
12.1,876,0,0,0,0,0,0,87.9,53.6,17.1,4.7,0
99.4,877,0.3,0,0,0,0,0,0.2,0,0,0,0
6.6,878,93.2,71.9,23.2,0,0,0,0.3,0,0,0,0
51.3,879,41.4,0,0,0,0,0,7.3,1.5,0.2,0,0
76.3,880,20.6,0,0,0,0,0,3.1,0,0,0,0
79.3,881,0.4,0,0,0,0,0,20.4,7.3,0,0,0
39.4,882,60.6,3.6,0,0,0,0,0,0,0,0,0
8.5,883,91.4,48.7,17.9,2,0,0,0,0,0,0,0
0,884,100,99.8,69.2,23.1,2.5,0,0,0,0,0,0
85.4,885,10.5,0,0,0,0,0,4.1,0,0,0,0
66.2,886,9.6,3,0,0,0,0,24.2,0,0,0,0
39.3,887,0,0,0,0,0,0,60.7,4.6,0,0,0
46.4,888,0,0,0,0,0,0,53.6,9.4,5.1,2.9,0.8
15.3,889,84.7,1,0,0,0,0,0,0,0,0,0
46.3,890,1.1,0,0,0,0,0,52.6,21.4,0.5,0,0
59.6,891,14.7,7.4,1.9,0,0,0,25.7,9.5,1.6,0,0
13.7,892,85.4,54.9,8,0,0,0,0.9,0,0,0,0
31,893,0.8,0,0,0,0,0,68.2,4.6,0,0,0
76.3,894,3.2,0,0,0,0,0,20.6,6.9,2,0,0
94.9,895,5.1,0.2,0,0,0,0,0,0,0,0,0
41.3,896,0.1,0,0,0,0,0,58.6,37.4,7.4,0,0
13.5,897,0,0,0,0,0,0,86.5,42.4,1.5,0,0
5.5,898,0,0,0,0,0,0,94.6,54.7,25,16,8.6
0.7,899,0,0,0,0,0,0,99.2,97,89.1,72.1,50.3
58,900,42,8,2.1,0,0,0,0,0,0,0,0
2.8,901,97.2,74.1,30,0,0,0,0,0,0,0,0
77.3,902,19.3,3,0,0,0,0,3.4,0,0,0,0
21.1,903,78.9,46.2,16.7,1.7,0,0,0,0,0,0,0
43.8,904,43.1,11.7,0,0,0,0,13.1,4.4,0.4,0,0
14.5,905,0,0,0,0,0,0,85.4,43,13.8,3.1,0.1
10.1,906,89.9,51.1,14.6,0,0,0,0.1,0,0,0,0
0.4,907,99.5,90.7,62.5,30.5,4.7,0,0,0,0,0,0
36.2,908,0,0,0,0,0,0,63.9,26,7.5,1,0
25.2,909,0.6,0.1,0,0,0,0,74.2,41.2,22.8,4.5,0.1
78.4,910,6.4,3,0.8,0,0,0,15.2,0.9,0.1,0,0
18.4,911,0,0,0,0,0,0,81.7,46.9,31.4,11.2,1.6
56,912,0.9,0.2,0,0,0,0,43.1,7.7,0,0,0
90.7,913,9.3,2.4,0.6,0.1,0,0,0,0,0,0,0
97.1,914,2.7,0.3,0,0,0,0,0.2,0,0,0,0
76.5,915,0,0,0,0,0,0,23.6,1,0,0,0
90.1,916,4.1,0,0,0,0,0,5.9,0.6,0,0,0
6.8,917,0,0,0,0,0,0,93.2,41,11.2,0,0
19.9,918,1.2,0.1,0,0,0,0,78.9,32.8,1.1,0,0
44.8,919,4.3,0.1,0,0,0,0,50.8,2.4,0,0,0
21.3,920,78.7,55.6,38,8.6,0.2,0,0,0,0,0,0
72.5,921,27.5,4.6,0,0,0,0,0,0,0,0,0
5.6,922,94.4,47.4,1,0,0,0,0,0,0,0,0
13.4,923,81,40.2,4.6,0,0,0,5.7,2.2,0.6,0.2,0
0,924,99.9,90.1,61.1,34.8,11.5,0,0,0,0,0,0
81.6,925,0,0,0,0,0,0,18.5,1.3,0.1,0,0
7.8,926,0,0,0,0,0,0,92.1,62.2,36.4,14.9,6.6
86.5,927,5.7,0.6,0,0,0,0,7.8,0,0,0,0
6.3,928,0.3,0,0,0,0,0,93.4,46.1,12.3,0.4,0
30.2,929,0.9,0.4,0.1,0,0,0,68.9,30.2,9.3,0.8,0
18.1,930,81.9,55.3,20.5,1.5,0,0,0,0,0,0,0
86.8,931,0,0,0,0,0,0,13.2,0.9,0,0,0
85,932,0.2,0,0,0,0,0,14.8,0,0,0,0
66.9,933,15.4,0,0,0,0,0,17.7,3.2,0,0,0
38.6,934,61.4,1.6,0,0,0,0,0,0,0,0,0
33.3,935,66.7,2.9,0,0,0,0,0,0,0,0,0
91.8,936,0.9,0,0,0,0,0,7.3,0.3,0,0,0
42.1,937,43.9,4.7,0,0,0,0,14.1,2.3,0.3,0,0
49.3,938,0,0,0,0,0,0,50.7,0,0,0,0
67.1,939,27.9,5.9,0,0,0,0,5,0,0,0,0
93.2,940,0,0,0,0,0,0,6.8,0,0,0,0
21.6,941,5,1.5,0.1,0,0,0,73.5,23,6.1,1.8,0.1
82.7,942,11,2.4,0.1,0,0,0,6.3,0,0,0,0
53.9,943,46,22.2,2.3,0.1,0,0,0.1,0,0,0,0
58.7,944,40.5,17.9,3.9,0,0,0,0.8,0,0,0,0
47.3,945,0,0,0,0,0,0,52.6,8.4,0,0,0
11.6,946,0.6,0,0,0,0,0,87.9,39.2,10.6,0,0
100,947,0,0,0,0,0,0,0,0,0,0,0
84.4,948,2.4,0.3,0,0,0,0,13.2,3.1,0,0,0
22.3,949,0.6,0.1,0,0,0,0,77.1,32.7,0,0,0
99.8,950,0.2,0,0,0,0,0,0,0,0,0,0
0.5,951,99.6,68.2,0.6,0,0,0,0,0,0,0,0
89.3,952,10.4,0.6,0,0,0,0,0.2,0,0,0,0
62.2,953,9.9,0,0,0,0,0,28,0,0,0,0
0.2,954,99.8,95.7,62.6,12.3,0,0,0,0,0,0,0
10.5,955,89.5,32.4,10.2,0.7,0,0,0,0,0,0,0
15.7,956,6.5,3.5,0.4,0,0,0,77.8,35.5,1,0,0
6.7,957,93.3,47.5,6.7,1.1,0.1,0,0,0,0,0,0
16.1,958,83.9,31.9,0,0,0,0,0,0,0,0,0
28.7,959,0,0,0,0,0,0,71.3,18.1,0,0,0
1.5,960,0,0,0,0,0,0,98.5,94.2,75.7,39.4,6.2
80.1,961,14,2.7,0.8,0,0,0,5.9,0,0,0,0
61.1,962,0,0,0,0,0,0,39,0.8,0,0,0
34.2,963,0,0,0,0,0,0,65.9,13,0.4,0,0
81.8,964,4,0,0,0,0,0,14.2,3.5,0.1,0,0
76.7,965,1.2,0.3,0,0,0,0,22,0.7,0,0,0
14.7,966,3.4,1.2,0.1,0,0,0,81.9,59.6,34.1,6.8,0
33.6,967,9.6,0.1,0,0,0,0,56.9,27.5,12.9,1.2,0
68.1,968,25.4,9.9,0,0,0,0,6.5,0,0,0,0
16.2,969,83.8,63.5,4.4,0.6,0,0,0,0,0,0,0
59.2,970,2.4,0,0,0,0,0,38.5,1.1,0,0,0
98.5,971,1,0.1,0,0,0,0,0.6,0,0,0,0
3.6,972,96.1,83.1,44,8,0,0,0.3,0,0,0,0
9.4,973,0,0,0,0,0,0,90.6,74.9,52.6,23.1,5.8
46.8,974,1,0,0,0,0,0,52.2,32.3,15,0,0
3,975,97,86.9,42.7,3.7,0.3,0,0,0,0,0,0
30.1,976,69.8,26.8,4.7,0,0,0,0,0,0,0,0
40.5,977,2,0,0,0,0,0,57.5,0.3,0,0,0
67.4,978,32.5,0,0,0,0,0,0.1,0,0,0,0
32.3,979,67.7,27.9,3.1,0,0,0,0,0,0,0,0
0,980,99.9,99.9,88.1,60.8,27.9,0,0,0,0,0,0
0,981,100,100,90.2,65.4,39.1,0,0,0,0,0,0
82.4,982,0,0,0,0,0,0,17.6,2.8,0,0,0
74.7,983,11,0,0,0,0,0,14.3,2.1,0,0,0
5.1,984,95,61.3,0,0,0,0,0,0,0,0,0
47.8,985,6.7,0,0,0,0,0,45.5,18.9,5.8,0,0
15.4,986,0,0,0,0,0,0,84.6,45.7,3.5,0,0
4.8,987,0,0,0,0,0,0,95.2,73.3,29.2,8.8,0.7
1.7,988,0.1,0,0,0,0,0,98.2,93,65.6,30.7,11.7
0,989,0,0,0,0,0,0,100,99.7,96.2,83.7,53.8
55.6,990,31.9,4.8,0,0,0,0,12.5,0,0,0,0
6.3,991,93.7,84.6,55.2,16.5,0,0,0,0,0,0,0
6.1,992,93.9,68.3,12.7,0.6,0,0,0,0,0,0,0
0.8,993,99.1,76.8,32.2,10.1,0,0,0,0,0,0,0
95.1,994,0.5,0,0,0,0,0,4.4,0,0,0,0
45.5,995,27.7,16.6,6.8,3,0.3,0,26.8,3.8,0,0,0
31.4,996,0,0,0,0,0,0,68.5,21.6,0,0,0
85,997,9.9,0.6,0.1,0,0,0,5.1,0,0,0,0
72.2,998,27.9,12.2,1.5,0.1,0,0,0,0,0,0,0
23.1,999,77,21.8,0,0,0,0,0,0,0,0,0
29.3,1000,0,0,0,0,0,0,70.8,22.5,2.6,0,0
25,1001,72,21.8,0,0,0,0,3,0.2,0,0,0
18.5,1002,81.5,19.1,0,0,0,0,0,0,0,0,0
35.4,1003,64.6,29.1,0.3,0,0,0,0,0,0,0,0
80.1,1004,7.6,0,0,0,0,0,12.3,4.3,0,0,0
0,1005,100,100,92.9,55.5,22.8,0,0,0,0,0,0
91.2,1006,6.8,0,0,0,0,0,2,0,0,0,0
0,1007,0,0,0,0,0,0,100,54.4,7.3,0.7,0
71.2,1008,0,0,0,0,0,0,28.9,8.8,3.4,0.8,0
22.9,1009,77.1,28.4,0,0,0,0,0,0,0,0,0
30.1,1010,66.8,4.4,0,0,0,0,3.1,0,0,0,0
85.8,1011,6.4,0.1,0,0,0,0,7.8,3.1,0,0,0
58.5,1012,35.2,18.2,4.9,0,0,0,6.2,1.2,0,0,0
27.2,1013,69.7,36.9,13.2,1,0,0,3.2,0,0,0,0
0,1014,100,97,40.9,0,0,0,0,0,0,0,0
82.3,1015,0.2,0,0,0,0,0,17.5,0,0,0,0
31.6,1016,0,0,0,0,0,0,68.4,0.8,0,0,0
27.3,1017,0,0,0,0,0,0,72.7,25.7,4,0,0
85.5,1018,13.4,0,0,0,0,0,1.1,0,0,0,0
3.4,1019,96.6,63.4,14,0,0,0,0,0,0,0,0
21.9,1020,0.7,0,0,0,0,0,77.4,35.1,6.4,0,0
81.1,1021,1.2,0.6,0.1,0,0,0,17.7,0,0,0,0
53.5,1022,46.5,3.3,0.3,0,0,0,0,0,0,0,0
84.5,1023,13.4,0,0,0,0,0,2.1,0.6,0.1,0,0
0,1024,0,0,0,0,0,0,100,82,44.8,16.8,0
33.3,1025,8.7,3.4,0.5,0,0,0,58.1,13.7,0.3,0,0
52,1026,18.1,6.5,1.9,0,0,0,29.9,1.1,0,0,0
95.2,1027,4.8,0,0,0,0,0,0,0,0,0,0
85.7,1028,12.8,0,0,0,0,0,1.5,0,0,0,0
48.3,1029,14.6,0,0,0,0,0,37.1,9.5,0,0,0
90.7,1030,1.9,0,0,0,0,0,7.4,0,0,0,0
51.1,1031,48.9,0,0,0,0,0,0,0,0,0,0
65.2,1032,33.6,2,0,0,0,0,1.2,0,0,0,0
77.8,1033,22.1,3.9,0,0,0,0,0.2,0,0,0,0
69.3,1034,1.8,0,0,0,0,0,28.9,1.8,0,0,0
4.8,1035,95.2,82,45.4,3.2,0.5,0,0,0,0,0,0
2.4,1036,97.7,86.9,34.3,0.3,0,0,0,0,0,0,0
74.6,1037,25.4,0,0,0,0,0,0,0,0,0,0
58,1038,41.7,20.1,7.6,0.2,0,0,0.4,0,0,0,0
25.1,1039,74.9,35.9,13.8,0.6,0,0,0,0,0,0,0
63,1040,37,8.3,0.2,0,0,0,0,0,0,0,0
13.1,1041,86.9,43.5,1.9,0,0,0,0,0,0,0,0
67.1,1042,0,0,0,0,0,0,32.9,0.3,0,0,0
73.9,1043,26.1,4,0.8,0,0,0,0,0,0,0,0
19.3,1044,80.5,8.8,0,0,0,0,0.2,0,0,0,0
82,1045,0,0,0,0,0,0,18,0,0,0,0
40.2,1046,59.4,27.1,1.8,0,0,0,0.4,0,0,0,0
48.7,1047,0,0,0,0,0,0,51.3,14.9,1.1,0,0
26.3,1048,73,33.3,0.9,0.1,0,0,0.6,0,0,0,0
72.8,1049,13.2,0,0,0,0,0,14,0,0,0,0
19.6,1050,0,0,0,0,0,0,80.4,29.7,0,0,0
50.9,1051,0,0,0,0,0,0,49.1,12.2,0,0,0
1.7,1052,0,0,0,0,0,0,98.4,84.9,66.2,33.2,3.6
40.6,1053,3.8,1,0.1,0,0,0,55.7,10.8,0,0,0
17.6,1054,0,0,0,0,0,0,82.4,52.2,22.5,3.1,0
52,1055,48.1,4.3,0,0,0,0,0,0,0,0,0
100,1056,0,0,0,0,0,0,0,0,0,0,0
50.7,1057,0,0,0,0,0,0,49.3,7,0.7,0,0
47.6,1058,4.3,1.1,0,0,0,0,48.1,17.1,0,0,0
96.9,1059,3.1,0.2,0,0,0,0,0,0,0,0,0
29.6,1060,1.2,0,0,0,0,0,69.2,44.4,21.4,6.3,0.4
13.4,1061,0,0,0,0,0,0,86.6,77.5,34,0.4,0
98.9,1062,1.1,0,0,0,0,0,0,0,0,0,0
25.3,1063,0,0,0,0,0,0,74.7,36.4,2.3,0,0
16,1064,0,0,0,0,0,0,84,59.7,34,8.2,0.3
3.6,1065,0,0,0,0,0,0,96.4,93.2,86.7,63.3,29.7
37.4,1066,0,0,0,0,0,0,62.6,42.9,24.4,7.1,0
0,1067,100,97.4,76,42.7,5.6,0,0,0,0,0,0
13.5,1068,86.6,59,37.9,19.4,7,0,0,0,0,0,0
87.1,1069,12.9,0.6,0,0,0,0,0,0,0,0,0
51.7,1070,1.9,0,0,0,0,0,46.4,2.2,0,0,0
90.2,1071,9.8,0,0,0,0,0,0,0,0,0,0
52.8,1072,0,0,0,0,0,0,47.3,21,7.8,0,0
97.8,1073,1.6,0,0,0,0,0,0.6,0,0,0,0
92.8,1074,5.5,0.2,0,0,0,0,1.7,0,0,0,0
93.3,1075,0.1,0,0,0,0,0,6.6,0,0,0,0
18.8,1076,0,0,0,0,0,0,81.2,17.7,0.8,0,0
11.1,1077,0.3,0,0,0,0,0,88.5,22.8,8.6,1.6,0
78.7,1078,0,0,0,0,0,0,21.3,2.7,0,0,0
1.2,1079,0,0,0,0,0,0,98.8,69.1,39.5,14.3,1.7
0.6,1080,0,0,0,0,0,0,99.5,89.8,52.5,19.8,1.1
57.2,1081,39.2,0,0,0,0,0,3.7,0.3,0,0,0
5.2,1082,0,0,0,0,0,0,94.8,73.2,16.9,0,0
71,1083,8.4,0,0,0,0,0,20.6,1.3,0,0,0
60.6,1084,0,0,0,0,0,0,39.4,2.5,0,0,0
22.8,1085,77.2,33.1,0,0,0,0,0.1,0,0,0,0
35.9,1086,61.2,14.5,0,0,0,0,2.9,0.7,0.3,0,0
0.3,1087,0,0,0,0,0,0,99.6,91.8,59.1,24.8,2.1
8.3,1088,0,0,0,0,0,0,91.7,64,33.6,3.4,0
65.6,1089,0,0,0,0,0,0,34.4,4.4,0,0,0
1,1090,99,91.4,54.2,32.1,3.1,0,0.1,0,0,0,0
0.5,1091,99.4,95,49.5,0.2,0,0,0.1,0,0,0,0
61.2,1092,20.3,11.2,1.4,0,0,0,18.4,0.1,0,0,0
68.8,1093,31.2,0,0,0,0,0,0,0,0,0,0
64.1,1094,30.5,0.4,0,0,0,0,5.3,0.6,0,0,0
95.1,1095,1.6,0,0,0,0,0,3.2,0,0,0,0
68,1096,0,0,0,0,0,0,32,0.1,0,0,0
37.9,1097,61.9,1.1,0,0,0,0,0.2,0,0,0,0
20.7,1098,79.4,46.9,23.6,6.7,0,0,0,0,0,0,0
7.8,1099,92.2,75.3,12.9,0,0,0,0.1,0,0,0,0
87.8,1100,2.3,0,0,0,0,0,10,1.1,0,0,0
80.1,1101,17.4,0.2,0,0,0,0,2.5,0,0,0,0
31.6,1102,0,0,0,0,0,0,68.4,12.9,0,0,0
78,1103,3.3,1.2,0,0,0,0,18.7,6,1.4,0,0
97.3,1104,2.5,0,0,0,0,0,0.1,0,0,0,0
72.8,1105,1.3,0,0,0,0,0,25.9,8.4,1.7,0,0
92.2,1106,0,0,0,0,0,0,7.8,0.7,0,0,0
57.1,1107,38.2,1.5,0,0,0,0,4.8,0.6,0,0,0
20.5,1108,79.5,17.4,0,0,0,0,0,0,0,0,0
87.2,1109,0,0,0,0,0,0,12.8,0,0,0,0
31,1110,0,0,0,0,0,0,69,29.5,1.7,0,0
76.5,1111,15.3,0,0,0,0,0,8.3,0.7,0,0,0
39.5,1112,0,0,0,0,0,0,60.5,21.8,0,0,0
61.6,1113,14.2,1.2,0,0,0,0,24.1,7.7,2.1,0,0
78.5,1114,9.1,1.1,0,0,0,0,12.4,0,0,0,0
55.4,1115,0.3,0,0,0,0,0,44.3,3.4,0,0,0
2.4,1116,0,0,0,0,0,0,97.6,90.3,72.1,34,9.9
2.3,1117,0,0,0,0,0,0,97.8,82.2,42.4,20.2,3.3
7,1118,0,0,0,0,0,0,93,32.4,0.2,0,0
90.4,1119,0,0,0,0,0,0,9.6,0,0,0,0
39.9,1120,10.4,0.7,0,0,0,0,49.7,10.7,0.1,0,0
17.5,1121,78,47.2,24.6,8.6,1.9,0,4.5,0.7,0,0,0
27.7,1122,0,0,0,0,0,0,72.3,14.4,0.8,0,0
92.9,1123,2.8,0,0,0,0,0,4.4,0,0,0,0
40.8,1124,0.2,0,0,0,0,0,59,1.2,0,0,0
76.1,1125,2.4,0,0,0,0,0,21.5,0,0,0,0
11.1,1126,88.9,59.1,32,15.5,4.1,0,0,0,0,0,0
67.8,1127,30.5,5.6,1,0,0,0,1.7,0,0,0,0
20.6,1128,0,0,0,0,0,0,79.4,41.6,4.4,0,0
12.9,1129,0,0,0,0,0,0,87.1,68.7,38.4,12.7,1.8
64.6,1130,35.4,14.3,1.2,0,0,0,0,0,0,0,0
4.8,1131,95.2,64.4,5,0,0,0,0,0,0,0,0
11.6,1132,88.4,28.2,4.1,1.5,0,0,0,0,0,0,0
19.2,1133,80.9,28.7,11,0,0,0,0,0,0,0,0
4.4,1134,95.6,37,2.3,0,0,0,0,0,0,0,0
33.2,1135,66.7,22.1,3.2,0,0,0,0,0,0,0,0
88.9,1136,10.7,0,0,0,0,0,0.4,0,0,0,0
78.5,1137,13.2,0,0,0,0,0,8.3,0,0,0,0
12.2,1138,87.8,4.1,0,0,0,0,0,0,0,0,0
100,1139,0,0,0,0,0,0,0,0,0,0,0
2,1140,98,37.8,1.4,0,0,0,0,0,0,0,0
61,1141,0.1,0,0,0,0,0,38.9,3.9,0.8,0,0
61,1142,10.6,2.9,0.2,0,0,0,28.4,3.8,0.4,0,0
64.3,1143,19.1,0,0,0,0,0,16.7,3.5,0,0,0
81.9,1144,3.1,0,0,0,0,0,15,3.8,0.6,0,0
48.1,1145,0,0,0,0,0,0,52,2.1,0,0,0
2.4,1146,97.6,85.4,21.2,0.1,0,0,0,0,0,0,0
0.7,1147,99.2,54.6,14.8,0,0,0,0,0,0,0,0
5.2,1148,94.8,55.3,33.4,19,7.6,0,0,0,0,0,0
48.8,1149,50.5,21.1,6.8,0,0,0,0.7,0.1,0,0,0
0,1150,100,100,69.2,42.6,27.1,0,0,0,0,0,0
0.1,1151,99.9,86.4,43,7.8,0,0,0,0,0,0,0
35.3,1152,0,0,0,0,0,0,64.7,29.7,0,0,0
64,1153,22.6,2.9,0.6,0,0,0,13.4,0,0,0,0
25.4,1154,74.6,38.4,12.2,0,0,0,0,0,0,0,0
64.9,1155,2.8,0,0,0,0,0,32.3,3.3,0,0,0
6,1156,94,73.7,37.7,4.7,0,0,0,0,0,0,0
12.3,1157,87.8,29.1,1,0,0,0,0,0,0,0,0
0,1158,100,90.3,45.1,5.8,0,0,0,0,0,0,0
40,1159,0.4,0,0,0,0,0,59.5,4.1,0,0,0
9.5,1160,0,0,0,0,0,0,90.5,37,5.7,0,0
15,1161,85,36.3,7.6,0,0,0,0,0,0,0,0
41.3,1162,0,0,0,0,0,0,58.7,30.2,12.6,0.3,0
0.9,1163,0,0,0,0,0,0,99.1,85.5,49.6,20.9,0.7
60.6,1164,12.3,0,0,0,0,0,27,0.6,0,0,0
37.2,1165,0,0,0,0,0,0,62.8,21.9,8.6,0.4,0
29.8,1166,69.5,43.1,23.8,3.7,0,0,0.7,0,0,0,0
71.3,1167,9.9,0,0,0,0,0,18.8,3.8,0,0,0
30.2,1168,69.6,10,0,0,0,0,0.1,0,0,0,0
18.8,1169,81.2,70.7,32.9,0.8,0,0,0.1,0,0,0,0
77.6,1170,21.9,1.6,0,0,0,0,0.5,0,0,0,0
40.5,1171,0,0,0,0,0,0,59.6,25.1,4.3,0,0
96.4,1172,0.1,0,0,0,0,0,3.5,0,0,0,0
20.4,1173,0.2,0,0,0,0,0,79.5,7.2,0.4,0,0
33.9,1174,66,4.9,0,0,0,0,0,0,0,0,0
12,1175,88,62.9,30.4,1.5,0,0,0,0,0,0,0
44.7,1176,55.2,17.3,2,0,0,0,0,0,0,0,0
0.4,1177,99.6,58.3,0,0,0,0,0,0,0,0,0
73,1178,0,0,0,0,0,0,27,4.1,1.1,0,0
93,1179,2.9,0.1,0,0,0,0,4.2,0,0,0,0
39.3,1180,0,0,0,0,0,0,60.7,30,9.6,1.8,0
46.8,1181,0,0,0,0,0,0,53.2,35,18.7,3.6,0
18.9,1182,78.3,29.3,0.1,0,0,0,2.8,0.2,0,0,0
70.7,1183,29.3,0.6,0,0,0,0,0,0,0,0,0
2.5,1184,0,0,0,0,0,0,97.5,91.6,40.1,7.5,0
93.3,1185,6.2,0,0,0,0,0,0.5,0,0,0,0
2.5,1186,97.5,82,39.9,0.3,0,0,0,0,0,0,0
54.5,1187,37.9,0,0,0,0,0,7.6,0.2,0,0,0
65.4,1188,7.5,0,0,0,0,0,27.1,9.1,0.3,0,0
96.7,1189,1.9,0,0,0,0,0,1.4,0,0,0,0
28.8,1190,0,0,0,0,0,0,71.1,11.2,0,0,0
87.6,1191,6.5,0,0,0,0,0,6,0,0,0,0
45,1192,33.3,0,0,0,0,0,21.8,0.8,0,0,0
84.4,1193,13.4,0.4,0,0,0,0,2.2,0,0,0,0
60.8,1194,15,5.2,0.1,0,0,0,24.2,0.4,0,0,0
5.1,1195,0,0,0,0,0,0,95,63,10.8,0.7,0
39.7,1196,4,0.1,0,0,0,0,56.2,21.2,0.8,0,0
2.9,1197,0,0,0,0,0,0,97.1,90.7,56.3,20.9,1.4
94.9,1198,4.4,0,0,0,0,0,0.8,0,0,0,0
48.7,1199,51.3,13.7,1.7,0,0,0,0,0,0,0,0
40.3,1200,1.7,0,0,0,0,0,58.1,44.4,29.9,18.3,5.8
16.1,1201,0.7,0.3,0,0,0,0,83,57.5,40.5,28.5,10
25.9,1202,0,0,0,0,0,0,74.2,27.6,14.4,0.3,0
7.5,1203,0,0,0,0,0,0,92.5,36.7,9.8,0,0
42.5,1204,0,0,0,0,0,0,57.4,36,8.3,0,0
64.1,1205,10.9,0,0,0,0,0,25.1,8.6,0,0,0
58.7,1206,28.5,0.9,0,0,0,0,12.9,1.8,0,0,0
89.3,1207,10.7,0,0,0,0,0,0,0,0,0,0
78.2,1208,21.8,2.4,0.8,0,0,0,0,0,0,0,0
2.6,1209,0,0,0,0,0,0,97.5,69.3,35.8,6.1,0
10.2,1210,0.1,0.1,0,0,0,0,89.6,31.4,15.3,4.4,0.4
1.3,1211,0,0,0,0,0,0,98.7,70.4,26.2,0.7,0
71.1,1212,0.4,0,0,0,0,0,28.6,0,0,0,0
87.1,1213,10,0.1,0,0,0,0,2.9,0,0,0,0
44.3,1214,55.6,17.3,0,0,0,0,0.1,0,0,0,0
20.5,1215,75.5,53.1,8.7,0,0,0,4,0,0,0,0
18.7,1216,81.3,61.2,6.4,0,0,0,0,0,0,0,0
0,1217,100,100,85.8,33.3,0.7,0,0,0,0,0,0
0,1218,100.1,55,15.1,1.6,0,0,0,0,0,0,0
18.8,1219,0,0,0,0,0,0,81.1,46.4,4.8,0,0
75.6,1220,0,0,0,0,0,0,24.4,2.1,0,0,0
23,1221,65.3,5.1,0,0,0,0,11.8,2.6,0,0,0
54,1222,2.3,0,0,0,0,0,43.7,25.5,7.1,0.1,0
76.4,1223,3.1,0,0,0,0,0,20.4,0,0,0,0
84.2,1224,2.4,0,0,0,0,0,13.5,0,0,0,0
68.2,1225,31.8,0.3,0,0,0,0,0,0,0,0,0
42.7,1226,0,0,0,0,0,0,57.3,17.4,0,0,0
9,1227,91.1,84.5,58.4,25.1,13.1,0,0,0,0,0,0
23.8,1228,0,0,0,0,0,0,76.2,37.1,4.9,0.1,0
14.7,1229,4.7,0.8,0,0,0,0,80.6,71,37,17.1,2.3
68.5,1230,16.6,2.1,0.1,0,0,0,14.9,0,0,0,0
49.1,1231,0.2,0,0,0,0,0,50.8,2.3,0,0,0
35.5,1232,0.7,0,0,0,0,0,63.7,10.6,0,0,0
11.4,1233,88.6,35.1,16,1.8,0,0,0,0,0,0,0
5,1234,95,50.5,29.1,15.1,5.2,0,0,0,0,0,0
80.5,1235,0.3,0,0,0,0,0,19.2,2.4,0,0,0
36.6,1236,63.3,33,1.8,0,0,0,0,0,0,0,0
54,1237,30.3,3.3,0,0,0,0,15.8,3.9,0,0,0
3.7,1238,0,0,0,0,0,0,96.3,79.2,25.6,0.5,0
0,1239,0,0,0,0,0,0,100,27.7,2.1,0,0
32.8,1240,67.2,18.5,0,0,0,0,0,0,0,0,0
35,1241,0,0,0,0,0,0,65.1,27.2,7.3,2.2,0
18.6,1242,0,0,0,0,0,0,81.4,18.5,2.8,0,0
87.4,1243,1.2,0.3,0,0,0,0,11.4,0,0,0,0
72.1,1244,8.4,2.7,0.1,0,0,0,19.5,4.5,1.6,0,0
77.7,1245,13.3,2.3,0,0,0,0,9,5.2,3,1.6,0.8
21,1246,77.8,28.7,1.9,0,0,0,1.3,0,0,0,0
23.3,1247,76.7,9.5,0,0,0,0,0,0,0,0,0
13.7,1248,0,0,0,0,0,0,86.4,48.5,23.2,2.3,0
9.1,1249,0,0,0,0,0,0,90.9,80,36.3,7.1,0
93.1,1250,6.9,0.1,0,0,0,0,0,0,0,0,0
0,1251,100,99.7,92.4,55.9,10.1,0,0,0,0,0,0
1,1252,99.1,40.3,0,0,0,0,0,0,0,0,0
51.1,1253,14.1,3.6,0,0,0,0,34.8,0.7,0,0,0
0,1254,100.1,94.8,75.5,16.2,0,0,0,0,0,0,0
83,1255,7,0.7,0,0,0,0,10.1,3.3,0,0,0
71.5,1256,4.7,0,0,0,0,0,23.9,0,0,0,0
67.5,1257,0,0,0,0,0,0,32.6,3.2,0,0,0
0,1258,100,90.3,63.2,45.2,26.3,0,0,0,0,0,0
21.3,1259,0,0,0,0,0,0,78.7,53.2,23.2,5.5,0
42,1260,0,0,0,0,0,0,58,18.5,1.7,0,0
91.9,1261,0.2,0,0,0,0,0,7.9,1.5,0,0,0
76.2,1262,11.6,1.5,0,0,0,0,12.3,0,0,0,0
25.5,1263,74.6,37.8,6.4,0.5,0,0,0,0,0,0,0
32.6,1264,67.4,31.1,5.3,0,0,0,0,0,0,0,0
59.9,1265,5.3,0.4,0,0,0,0,34.8,3.2,0,0,0
97.4,1266,0.9,0,0,0,0,0,1.8,0,0,0,0
43.6,1267,2.9,0,0,0,0,0,53.5,8.1,0,0,0
5.7,1268,0,0,0,0,0,0,94.2,71.5,12,0,0
24.4,1269,0,0,0,0,0,0,75.6,47,8.3,0.3,0
41.7,1270,58.4,19.6,0.3,0,0,0,0,0,0,0,0
82,1271,1,0,0,0,0,0,17,0,0,0,0
47.2,1272,9.3,0,0,0,0,0,43.5,0.4,0,0,0
9.6,1273,90.4,49.3,7.9,0,0,0,0,0,0,0,0
6.3,1274,93.7,51.7,28.1,13.7,4.5,0,0,0,0,0,0
14.1,1275,0,0,0,0,0,0,86,75.6,38.7,16.3,8.1
1,1276,99,55.9,9.5,0.9,0,0,0,0,0,0,0
10.4,1277,89.6,26.6,0,0,0,0,0,0,0,0,0
0.3,1278,99.7,84.1,11.5,0.6,0,0,0,0,0,0,0
60.4,1279,39.6,18.4,6.6,0,0,0,0,0,0,0,0
6.6,1280,93.1,34.6,1.2,0,0,0,0.3,0,0,0,0
34,1281,66,9.7,0,0,0,0,0,0,0,0,0
80.1,1282,16.2,0,0,0,0,0,3.7,0.1,0,0,0
6.4,1283,93.5,39.4,0,0,0,0,0.1,0,0,0,0
81.8,1284,18.2,0.1,0,0,0,0,0,0,0,0,0
32.6,1285,67.4,34.4,4.8,0.6,0.1,0,0,0,0,0,0
7.2,1286,92.8,21.4,0,0,0,0,0,0,0,0,0
63.9,1287,36.1,2.5,0,0,0,0,0,0,0,0,0
1.2,1288,98.8,88.9,28.4,0,0,0,0,0,0,0,0
49.9,1289,50.1,1.4,0,0,0,0,0,0,0,0,0
6.1,1290,0,0,0,0,0,0,93.9,43.7,10.5,0,0
86.9,1291,10.3,0,0,0,0,0,2.8,0,0,0,0
33.5,1292,66.1,21.9,3.4,0.5,0,0,0.4,0,0,0,0
86.9,1293,8.3,0.3,0,0,0,0,4.8,0,0,0,0
71.4,1294,27.5,0,0,0,0,0,1.1,0,0,0,0
4,1295,96,79.9,21.9,0.3,0,0,0,0,0,0,0
48.1,1296,51.9,5.6,0,0,0,0,0,0,0,0,0
55.6,1297,44.4,4.5,0,0,0,0,0,0,0,0,0
1.6,1298,0,0,0,0,0,0,98.5,73.5,27.1,2.2,0
52.1,1299,27.9,11.5,0.9,0,0,0,20,10.8,1.3,0,0
90.4,1300,6.1,0,0,0,0,0,3.5,0,0,0,0
13.9,1301,0,0,0,0,0,0,86.1,52.6,10.5,3.2,0
4,1302,0,0,0,0,0,0,96.1,77.7,49.5,15.7,2.8
5.7,1303,0,0,0,0,0,0,94.3,37.6,4.2,0,0
75.3,1304,3.6,0.2,0,0,0,0,21.1,0,0,0,0
2.2,1305,0,0,0,0,0,0,97.8,85.5,57.9,9.3,0.3
71.5,1306,1.5,0,0,0,0,0,27,0.6,0,0,0
25.3,1307,74.7,47.2,18.8,3.6,0.2,0,0,0,0,0,0
41.2,1308,45.2,12,0.4,0,0,0,13.6,1.3,0,0,0
9.6,1309,3.2,0,0,0,0,0,87.2,68.9,30.5,9.1,0
0.1,1310,0,0,0,0,0,0,99.9,88.6,65.4,20.7,0.4
11.4,1311,0,0,0,0,0,0,88.6,27.8,10.2,0.8,0
1.2,1312,0,0,0,0,0,0,98.8,63.8,8.5,0,0
0,1313,0,0,0,0,0,0,99.9,99.8,96.8,78.6,57.2
0,1314,0,0,0,0,0,0,100,100,58.1,8.9,0.6
69.9,1315,18,0.3,0,0,0,0,12,0,0,0,0
0,1316,100,99,87.6,41.3,1.1,0,0,0,0,0,0
65.1,1317,34.8,14.2,7.8,1,0,0,0.1,0,0,0,0
28.1,1318,2.8,0,0,0,0,0,69.1,12.2,0,0,0
22.4,1319,5,0,0,0,0,0,72.6,52.7,19.8,2.3,0
9.8,1320,0,0,0,0,0,0,90.2,54.5,12,1.1,0
0,1321,0,0,0,0,0,0,100,75.5,37.3,7.4,0
84.9,1322,0,0,0,0,0,0,15.1,0.6,0,0,0
59.5,1323,40.5,0,0,0,0,0,0,0,0,0,0
49.4,1324,50.6,3.1,0,0,0,0,0,0,0,0,0
13.6,1325,0,0,0,0,0,0,86.3,73.2,50.5,17,5.1
0.1,1326,0,0,0,0,0,0,99.9,95.2,78.2,43.8,13.6
51.8,1327,0,0,0,0,0,0,48.2,7.9,2.5,0,0
83.8,1328,10.8,0,0,0,0,0,5.4,1.2,0,0,0
92.3,1329,6,0.1,0,0,0,0,1.7,0,0,0,0
0.8,1330,0,0,0,0,0,0,99.3,65.9,39.7,20,1
3.7,1331,0,0,0,0,0,0,96.4,90.7,52.3,27.9,9.6
0.4,1332,0,0,0,0,0,0,99.6,96.7,79.9,30.9,4.4
0,1333,0,0,0,0,0,0,100,100,76.5,47.1,33.7
1.4,1334,0,0,0,0,0,0,98.7,43.3,3,0,0
25.3,1335,74.7,25.8,2.4,0,0,0,0,0,0,0,0
62.7,1336,24.7,15.5,4.9,0.9,0,0,12.6,0,0,0,0
16.2,1337,0,0,0,0,0,0,83.8,71.9,46.8,12.1,2.1
11.2,1338,88.9,26.9,1.5,0,0,0,0,0,0,0,0
79.4,1339,7.1,0,0,0,0,0,13.6,0,0,0,0
93.6,1340,6.3,0,0,0,0,0,0.1,0,0,0,0
62.8,1341,27.4,0.4,0,0,0,0,9.8,0.1,0,0,0
63.8,1342,24.9,0.8,0,0,0,0,11.2,0.9,0,0,0
84.4,1343,0,0,0,0,0,0,15.7,9,0.4,0,0
89.6,1344,0,0,0,0,0,0,10.4,0,0,0,0
97.6,1345,0,0,0,0,0,0,2.4,0,0,0,0
76.2,1346,0,0,0,0,0,0,23.8,1.6,0,0,0
27.9,1347,72.2,25.9,2,0,0,0,0,0,0,0,0
31.6,1348,68.1,0,0,0,0,0,0.3,0,0,0,0
56.4,1349,15.2,0,0,0,0,0,28.5,14.3,3.6,0,0
0.4,1350,99.6,68,13.4,0,0,0,0,0,0,0,0
33.5,1351,66.6,11.3,0.3,0,0,0,0,0,0,0,0
58.8,1352,41.1,0,0,0,0,0,0.1,0,0,0,0
9.2,1353,0,0,0,0,0,0,90.8,60,18.8,0,0
15.7,1354,0,0,0,0,0,0,84.3,73.7,32.2,2.3,0
7.1,1355,92.9,8.9,0,0,0,0,0,0,0,0,0
13,1356,0,0,0,0,0,0,86.9,32.6,5.5,0.8,0
0.2,1357,0,0,0,0,0,0,99.8,86,49.5,17.2,5.8
9.6,1358,0.5,0,0,0,0,0,90,78.8,53,18.9,2.6
1.3,1359,0,0,0,0,0,0,98.7,78.7,9.1,0,0
0,1360,100,93.2,29.8,1.6,0,0,0,0,0,0,0
6.5,1361,93.5,67.6,38.3,6.4,0,0,0,0,0,0,0
9.4,1362,90.7,45,7.3,0,0,0,0,0,0,0,0
10.9,1363,89.1,43.3,8.8,0,0,0,0,0,0,0,0
36.5,1364,63.5,0.2,0,0,0,0,0,0,0,0,0
81.1,1365,12.6,0,0,0,0,0,6.3,0,0,0,0
27.9,1366,0,0,0,0,0,0,72.1,11.4,0.5,0,0
92.2,1367,4,0,0,0,0,0,3.7,0,0,0,0
9,1368,0,0,0,0,0,0,91,47.5,7.4,0,0
51.8,1369,48.3,1,0,0,0,0,0,0,0,0,0
12.3,1370,0,0,0,0,0,0,87.7,31.6,4.1,0,0
54,1371,18.6,0.7,0,0,0,0,27.4,0,0,0,0
54.9,1372,0,0,0,0,0,0,45.1,27.7,3.8,0,0
25.8,1373,0,0,0,0,0,0,74.2,1.5,0,0,0
9.5,1374,0,0,0,0,0,0,90.5,71.9,10.9,2.7,0.2
37.1,1375,62.9,19.5,0,0,0,0,0,0,0,0,0
4,1376,96.1,63.6,14.1,0,0,0,0,0,0,0,0
90.9,1377,6.4,0.8,0.1,0,0,0,2.7,0,0,0,0
52,1378,0,0,0,0,0,0,48,1.4,0,0,0
44.8,1379,52.8,27.8,2.9,0,0,0,2.4,0,0,0,0
11.3,1380,4.3,0.6,0,0,0,0,84.3,79.3,62.1,12.4,0
23.3,1381,16,7.9,1.5,0,0,0,60.6,23.2,6.2,0,0
56.6,1382,17.1,6.9,1.3,0,0,0,26.2,9.9,7,4.3,0
14.8,1383,0,0,0,0,0,0,85.3,43.2,15.3,2,0.4
67.1,1384,0.8,0,0,0,0,0,32.1,1,0,0,0
40.1,1385,0,0,0,0,0,0,60,2.9,0,0,0
21.7,1386,0,0,0,0,0,0,78.3,25.3,0.5,0,0
60.8,1387,8,0,0,0,0,0,31.2,0.1,0,0,0
79.5,1388,19.9,4.9,0,0,0,0,0.5,0,0,0,0
26.5,1389,73.6,39,13.7,2.2,0,0,0,0,0,0,0
2.3,1390,97.7,70.6,14.7,0,0,0,0,0,0,0,0
36.1,1391,63.9,3.4,0,0,0,0,0,0,0,0,0
50,1392,5.1,0,0,0,0,0,44.9,15.2,1.5,0,0
98.9,1393,0,0,0,0,0,0,1.1,0,0,0,0
4.8,1394,0,0,0,0,0,0,95.1,44.5,1.7,0,0
56.3,1395,0,0,0,0,0,0,43.7,2,0,0,0
66.3,1396,2.6,0,0,0,0,0,31.1,1.3,0,0,0
4.4,1397,95.6,24.9,0.8,0.1,0,0,0,0,0,0,0
44.9,1398,55.1,13.3,0.5,0,0,0,0,0,0,0,0
2.2,1399,97.7,67,46.6,29.4,12.3,0,0,0,0,0,0
28.3,1400,71.8,26.7,1.1,0,0,0,0,0,0,0,0
87,1401,13,0,0,0,0,0,0,0,0,0,0
44.5,1402,55.5,10.4,0,0,0,0,0,0,0,0,0
46.7,1403,52,5.5,0,0,0,0,1.4,0,0,0,0
4.9,1404,0,0,0,0,0,0,95.2,43,5.3,0,0
82.6,1405,0,0,0,0,0,0,17.5,0,0,0,0
13.1,1406,0,0,0,0,0,0,86.9,26.2,0,0,0
34,1407,66,17.2,2.8,0,0,0,0,0,0,0,0
78.6,1408,5.2,0,0,0,0,0,16.2,4.8,0.2,0,0
4.1,1409,0,0,0,0,0,0,95.9,69.7,24.1,1.4,0
80.6,1410,19,0,0,0,0,0,0.5,0,0,0,0
33.3,1411,59.4,1.4,0,0,0,0,7.3,0,0,0,0
53.5,1412,3.7,0,0,0,0,0,42.7,1.1,0,0,0
3.3,1413,96.7,53.3,3.5,0,0,0,0,0,0,0,0
4.3,1414,0,0,0,0,0,0,95.8,64.5,21.8,0.3,0
65.8,1415,32.3,1.4,0,0,0,0,1.9,0,0,0,0
55.1,1416,44.6,19.9,8,1.6,0,0,0.2,0,0,0,0
28.4,1417,9.1,0.6,0,0,0,0,62.5,3.5,0,0,0
69.5,1418,0,0,0,0,0,0,30.5,12.8,3,0,0
73.6,1419,18.9,0,0,0,0,0,7.5,0,0,0,0
33.1,1420,0,0,0,0,0,0,66.9,24.2,9.5,0,0
22,1421,75.7,9.6,0,0,0,0,2.3,0.3,0,0,0
89.4,1422,4.9,0,0,0,0,0,5.8,0.5,0,0,0
10.7,1423,88.7,44.7,3.1,0.6,0,0,0.6,0.3,0,0,0
83.2,1424,0.1,0,0,0,0,0,16.8,2.6,0.6,0,0
86.4,1425,0,0,0,0,0,0,13.7,2.2,0,0,0
25.2,1426,0.9,0,0,0,0,0,73.9,38.1,12.2,0.4,0
6,1427,0,0,0,0,0,0,94,66,24,2.9,0
6.6,1428,0,0,0,0,0,0,93.4,79.3,64.1,28.8,4.9
79.8,1429,2.1,0,0,0,0,0,18.1,3.5,0,0,0
62.8,1430,0,0,0,0,0,0,37.3,5.1,0,0,0
27.3,1431,0,0,0,0,0,0,72.7,18.1,0,0,0
100,1432,0,0,0,0,0,0,0,0,0,0,0
28.7,1433,6.4,0,0,0,0,0,64.9,19,1.3,0,0
41.5,1434,4.1,0.3,0,0,0,0,54.4,18.9,0.8,0,0
56.2,1435,42.8,18.3,0,0,0,0,0.9,0,0,0,0
73.5,1436,26.5,1,0,0,0,0,0,0,0,0,0
13.4,1437,86.6,9,2,0,0,0,0,0,0,0,0
1.5,1438,98.4,74,1.4,0,0,0,0,0,0,0,0
16.7,1439,83.2,15.9,0.1,0,0,0,0,0,0,0,0
48.7,1440,0,0,0,0,0,0,51.3,0,0,0,0
1.9,1441,0,0,0,0,0,0,98.1,66.4,21.5,1.5,0.3
23.3,1442,76.6,24.4,3.2,0,0,0,0,0,0,0,0
53.3,1443,38.3,0,0,0,0,0,8.4,0.8,0,0,0
36.7,1444,59,29.7,3.2,0,0,0,4.3,0,0,0,0
18.3,1445,81.7,38.4,4,0,0,0,0,0,0,0,0
19.7,1446,80.3,4.5,0,0,0,0,0,0,0,0,0
91.8,1447,1.9,0,0,0,0,0,6.3,0,0,0,0
28,1448,72.1,30.1,0.8,0,0,0,0,0,0,0,0
21.5,1449,78.5,29.1,0,0,0,0,0,0,0,0,0
5.5,1450,94.5,51.7,2.1,0,0,0,0,0,0,0,0
32.3,1451,0,0,0,0,0,0,67.7,5.6,0,0,0
83.6,1452,0.1,0,0,0,0,0,16.3,0,0,0,0
40.4,1453,0,0,0,0,0,0,59.6,6.5,0,0,0
85,1454,8.7,0,0,0,0,0,6.4,0.1,0,0,0
2.3,1455,97.8,90,64.5,18.6,0,0,0,0,0,0,0
3.2,1456,96.8,32.1,0.4,0,0,0,0,0,0,0,0
19.9,1457,73,4.6,0,0,0,0,7,1.3,0,0,0
26.8,1458,0,0,0,0,0,0,73.1,6.2,0,0,0
52.6,1459,47.5,3,0,0,0,0,0,0,0,0,0
27,1460,71.3,49.1,27.3,14.4,7.8,0,1.7,0,0,0,0
43.3,1461,55.5,29.3,4.5,0,0,0,1.2,0,0,0,0
16.5,1462,0,0,0,0,0,0,83.4,47,10.3,0,0
45.6,1463,0,0,0,0,0,0,54.4,21.7,1.2,0,0
17.2,1464,82.8,76.9,43.1,10.5,0,0,0,0,0,0,0
7.1,1465,92.9,48.8,2.4,0,0,0,0,0,0,0,0
17.8,1466,5.8,0,0,0,0,0,76.4,52.1,13.1,0.4,0
7.6,1467,0,0,0,0,0,0,92.4,81.4,71.1,26.4,9.5
51.3,1468,2.8,0.6,0.1,0,0,0,45.8,0,0,0,0
86.5,1469,2.6,0,0,0,0,0,10.9,0,0,0,0
94.4,1470,3.2,0.1,0,0,0,0,2.5,0,0,0,0
0,1471,100,99.5,67.5,4.9,0,0,0,0,0,0,0
14.2,1472,85.8,27,1,0,0,0,0,0,0,0,0
67.6,1473,31,0,0,0,0,0,1.4,0,0,0,0
50.9,1474,31.4,14,8.1,0.6,0,0,17.7,7.7,0.6,0,0
20.7,1475,79.2,49,23.8,7.9,1.2,0,0,0,0,0,0
90.4,1476,1.6,0,0,0,0,0,8.1,0,0,0,0
7.5,1477,0,0,0,0,0,0,92.5,49.2,4.5,0,0
4.4,1478,0,0,0,0,0,0,95.7,35.8,2,0,0
65.2,1479,33.3,4.6,0.1,0,0,0,1.6,0,0,0,0
21.5,1480,76.4,36.6,1,0,0,0,2.1,0,0,0,0
98,1481,0.6,0,0,0,0,0,1.5,0,0,0,0
8.6,1482,0,0,0,0,0,0,91.5,27.4,2,0,0
99.1,1483,1,0,0,0,0,0,0,0,0,0,0
0,1484,0,0,0,0,0,0,100.1,99.6,97.7,62.7,29.8
6.9,1485,0,0,0,0,0,0,93.1,65.7,36,6.2,0
0,1486,0,0,0,0,0,0,100,71.1,38.7,4.1,0
32.9,1487,52.5,13.5,0,0,0,0,14.6,0,0,0,0
66.6,1488,31.3,6.2,0,0,0,0,2.1,0,0,0,0
47,1489,1.3,0,0,0,0,0,51.7,0.2,0,0,0
10.5,1490,0,0,0,0,0,0,89.5,21.7,0,0,0
0.3,1491,0,0,0,0,0,0,99.7,91.6,64.5,29.1,8.7
34.1,1492,7.7,1.3,0,0,0,0,58.1,7.6,0,0,0
97.9,1493,0.8,0,0,0,0,0,1.4,0,0,0,0
47.9,1494,1.4,0,0,0,0,0,50.7,5.1,0,0,0
0,1495,100,96.2,66,18.3,0,0,0,0,0,0,0
12.5,1496,87.5,46.6,27.4,7.3,0,0,0,0,0,0,0
69.4,1497,30.6,1.9,0,0,0,0,0,0,0,0,0
0.5,1498,0,0,0,0,0,0,99.6,82.1,44.8,2.4,0
71.7,1499,2.3,0,0,0,0,0,26,15,7.3,1,0
2.9,1500,97.1,85.7,61.8,22.1,1.4,0,0,0,0,0,0
21.5,1501,78.5,11.3,0,0,0,0,0,0,0,0,0
77.8,1502,12,1.7,0,0,0,0,10.2,0.2,0,0,0
93.4,1503,5.1,0,0,0,0,0,1.6,0,0,0,0
51.2,1504,0,0,0,0,0,0,48.8,0,0,0,0
52.4,1505,39.2,16.5,1.8,0,0,0,8.3,0,0,0,0
0,1506,100.1,99.1,63.5,32,11.6,0,0,0,0,0,0
79.6,1507,0.3,0,0,0,0,0,20.1,4.7,0,0,0
21.9,1508,0,0,0,0,0,0,78.1,32.6,10.5,0,0
7,1509,0,0,0,0,0,0,93,85,53.6,26.5,7.2
32.5,1510,65.9,11.2,0,0,0,0,1.6,0,0,0,0
25.3,1511,1,0,0,0,0,0,73.6,26.4,13.5,0,0
21.5,1512,0.2,0,0,0,0,0,78.3,6.6,0,0,0
47.5,1513,6,0,0,0,0,0,46.4,7,0,0,0
32.1,1514,0,0,0,0,0,0,67.9,39,13.1,0,0
83.2,1515,15.7,0.7,0.1,0,0,0,1.2,0,0,0,0
42.5,1516,57.5,4.8,0,0,0,0,0,0,0,0,0
24.4,1517,75.6,30.5,2.1,0,0,0,0,0,0,0,0
57.6,1518,42,4.9,1.4,0.4,0.1,0,0.4,0,0,0,0
16.2,1519,0,0,0,0,0,0,83.8,38.5,1.1,0,0
83.7,1520,4.6,0,0,0,0,0,11.7,0.5,0,0,0
31.7,1521,16.5,4.1,0.1,0,0,0,51.9,38.8,26.4,14,2.7
0.6,1522,99.5,87.6,52.4,3.9,0,0,0,0,0,0,0
26.7,1523,56.8,7.6,0,0,0,0,16.5,8,1.3,0,0
53.2,1524,21,1,0,0,0,0,25.7,12.6,6.4,1.1,0
78.6,1525,0,0,0,0,0,0,21.4,12.9,4.3,0,0
1.6,1526,0,0,0,0,0,0,98.4,79.1,25,3.9,0
72.5,1527,3.2,0,0,0,0,0,24.4,0,0,0,0
26.1,1528,73.9,3,0,0,0,0,0,0,0,0,0
68.5,1529,15.3,5.8,0.6,0,0,0,16.3,3.7,0,0,0
57.6,1530,0.5,0,0,0,0,0,41.9,17.8,2.4,0,0
76.8,1531,23.2,6.5,0,0,0,0,0,0,0,0,0
0,1532,99.9,85.9,54.2,30,6,0,0,0,0,0,0
38.9,1533,61.1,20.2,8.5,0.2,0,0,0,0,0,0,0
72.7,1534,12.3,3.6,0,0,0,0,15.1,0,0,0,0
56.9,1535,0,0,0,0,0,0,43.1,1.9,0,0,0
0,1536,0,0,0,0,0,0,100,95.9,56.6,4.6,0
0.2,1537,0,0,0,0,0,0,99.9,76.1,5,0,0
15.5,1538,84.4,47,0.3,0,0,0,0.1,0,0,0,0
60.5,1539,0,0,0,0,0,0,39.5,7.4,2.1,0.6,0
10.2,1540,0,0,0,0,0,0,89.8,61.1,24.9,12.3,0.8
45,1541,0.7,0,0,0,0,0,54.4,3.2,0,0,0
0,1542,100.1,99.7,84.3,39.6,2.1,0,0,0,0,0,0
70.3,1543,29.7,8.7,0,0,0,0,0,0,0,0,0
59.1,1544,41,5.8,0,0,0,0,0,0,0,0,0
24,1545,75.9,31.2,0,0,0,0,0,0,0,0,0
95.9,1546,0,0,0,0,0,0,4.1,0,0,0,0
33.4,1547,66.6,0,0,0,0,0,0,0,0,0,0
69.1,1548,30.9,0,0,0,0,0,0,0,0,0,0
20.8,1549,0,0,0,0,0,0,79.2,49.6,21.5,8,2.3
5.6,1550,0,0,0,0,0,0,94.4,61.9,0.7,0,0
76.3,1551,2.1,0,0,0,0,0,21.7,3.7,0,0,0
92.5,1552,2.7,0,0,0,0,0,4.9,0.3,0,0,0
7,1553,0,0,0,0,0,0,93,65.1,27.7,1.3,0
55.2,1554,0,0,0,0,0,0,44.8,8.5,0,0,0
7.5,1555,0,0,0,0,0,0,92.6,67.3,22.3,4,0
2.5,1556,0,0,0,0,0,0,97.5,81,51.2,15.7,0.6
27.8,1557,0,0,0,0,0,0,72.2,55.2,20.2,0,0
55.7,1558,44.3,5,0,0,0,0,0,0,0,0,0
98.2,1559,1.8,0,0,0,0,0,0,0,0,0,0
64.3,1560,7.3,0,0,0,0,0,28.5,0.6,0,0,0
60.5,1561,36,0,0,0,0,0,3.6,0,0,0,0
74.4,1562,21.7,0,0,0,0,0,3.9,0,0,0,0
90.2,1563,0,0,0,0,0,0,9.8,0,0,0,0
0.4,1564,0,0,0,0,0,0,99.6,68.3,29.9,7.2,0.2
0,1565,0,0,0,0,0,0,100,87.8,55.5,11.4,0
89.1,1566,0,0,0,0,0,0,10.9,0,0,0,0
23.6,1567,76.4,0.8,0,0,0,0,0,0,0,0,0
78.2,1568,3,0,0,0,0,0,18.8,6.6,0.2,0,0
15.5,1569,0,0,0,0,0,0,84.6,7.8,0,0,0
75.8,1570,0.7,0,0,0,0,0,23.5,0,0,0,0
72.2,1571,13,1.7,0,0,0,0,14.8,0,0,0,0
79.8,1572,2.2,0,0,0,0,0,18,3.5,0,0,0
7.6,1573,92.5,30.9,0.7,0,0,0,0,0,0,0,0
11.1,1574,88.5,30.8,0.3,0,0,0,0.3,0,0,0,0
70.7,1575,29.3,0,0,0,0,0,0,0,0,0,0
24.5,1576,75.5,2.5,0,0,0,0,0,0,0,0,0
53.1,1577,0,0,0,0,0,0,46.9,6.5,0,0,0
77.8,1578,0,0,0,0,0,0,22.1,8.3,1.2,0,0
0.3,1579,99.7,61.8,14.3,2.3,0.2,0,0,0,0,0,0
29.1,1580,71,54.1,32.6,10.9,2.8,0,0,0,0,0,0
44,1581,40.5,11.6,0,0,0,0,15.5,0,0,0,0
81.3,1582,9.1,0,0,0,0,0,9.6,0.8,0,0,0
20,1583,79.9,32.4,2.9,0,0,0,0.1,0,0,0,0
0,1584,100,85.5,56.2,33.7,10,0,0,0,0,0,0
0,1585,100,99.3,81.7,38,0.3,0,0,0,0,0,0
98.9,1586,0,0,0,0,0,0,1.1,0,0,0,0
54.7,1587,8.1,0.5,0,0,0,0,37.2,10,0.3,0,0
18.6,1588,0,0,0,0,0,0,81.4,8.2,0,0,0
30.6,1589,0,0,0,0,0,0,69.4,16.1,0.2,0,0
21.7,1590,78.3,54.4,27,1.4,0,0,0,0,0,0,0
45.8,1591,54.2,15.3,1.9,0,0,0,0,0,0,0,0
36.3,1592,63.7,29.9,0.9,0,0,0,0,0,0,0,0
56.8,1593,31.9,0,0,0,0,0,11.3,4.9,1.2,0,0
1.4,1594,0,0,0,0,0,0,98.6,89.2,65.4,20.6,7.7
24.5,1595,0.8,0.1,0,0,0,0,74.8,26.5,0.3,0,0
30.1,1596,0,0,0,0,0,0,69.9,44.7,7.8,0,0
94.1,1597,3.9,0,0,0,0,0,2,0,0,0,0
45.3,1598,54,37.2,2.2,0,0,0,0.7,0,0,0,0
10.7,1599,0,0,0,0,0,0,89.3,40.2,18.9,9.6,6.3
0.3,1600,99.7,72.5,32.1,1.8,0,0,0,0,0,0,0
11.1,1601,88.9,30.1,1.4,0,0,0,0,0,0,0,0
74,1602,0,0,0,0,0,0,26,5.1,0.5,0,0
6.4,1603,0,0,0,0,0,0,93.6,34.7,0,0,0
29,1604,0,0,0,0,0,0,70.9,49.8,18.1,0.3,0
36.3,1605,0,0,0,0,0,0,63.8,41.2,12.5,0,0
56.1,1606,0,0,0,0,0,0,43.9,6.3,0,0,0
66.7,1607,33.3,2.4,0,0,0,0,0,0,0,0,0
52.5,1608,0,0,0,0,0,0,47.5,1.6,0.1,0,0
12.5,1609,0,0,0,0,0,0,87.4,28.4,7.8,0.4,0
1.1,1610,0,0,0,0,0,0,99,81.1,37.6,5.5,0
12.1,1611,0,0,0,0,0,0,87.9,13.4,0.5,0,0
71.7,1612,1.6,0,0,0,0,0,26.7,15.4,0.3,0,0
50.9,1613,39.3,24.3,6.9,0,0,0,9.8,0,0,0,0
86.8,1614,0,0,0,0,0,0,13.2,0,0,0,0
32.2,1615,0,0,0,0,0,0,67.9,43.6,20.5,7.7,1.3
50.2,1616,0,0,0,0,0,0,49.8,18,0.9,0,0
14.2,1617,0,0,0,0,0,0,85.8,56.4,27.7,2.9,0
0,1618,0,0,0,0,0,0,100,91.7,58.5,24.4,5.1
51.7,1619,0,0,0,0,0,0,48.3,22.8,5.9,0.6,0
23.2,1620,4.5,0.6,0,0,0,0,72.3,13,0,0,0
0,1621,0,0,0,0,0,0,99.9,92.2,53.5,21.9,2.5
84,1622,14.8,0,0,0,0,0,1.3,0,0,0,0
6.8,1623,93.2,58.6,6.9,0,0,0,0.1,0,0,0,0
10.8,1624,87.6,76.9,32.6,0,0,0,1.6,0,0,0,0
47.3,1625,47.4,2.3,0,0,0,0,5.4,0.6,0,0,0
13.1,1626,87,44.8,12.5,0,0,0,0,0,0,0,0
54.3,1627,8.7,0.5,0,0,0,0,37,1.2,0,0,0
96.1,1628,0,0,0,0,0,0,3.9,0,0,0,0
57.8,1629,3.2,0,0,0,0,0,39,18.5,5.5,0,0
45.4,1630,6.5,1,0,0,0,0,48,2.8,0,0,0
45.8,1631,53.4,22.3,8.6,0.2,0,0,0.8,0,0,0,0
0.3,1632,99.7,96.1,61.2,23.8,2.2,0,0,0,0,0,0
41.7,1633,21.7,5.2,0,0,0,0,36.7,12.5,5,0,0
57,1634,0.2,0,0,0,0,0,42.8,0.5,0,0,0
19.7,1635,0,0,0,0,0,0,80.4,27.2,0,0,0
71.5,1636,0.2,0,0,0,0,0,28.3,0,0,0,0
48.3,1637,44.1,25.4,9.2,1.1,0,0,7.6,0.1,0,0,0
43.8,1638,56.2,20.5,0.3,0,0,0,0,0,0,0,0
63.5,1639,0,0,0,0,0,0,36.5,14.3,0,0,0
0.7,1640,0,0,0,0,0,0,99.3,87.8,23.2,0,0
20.4,1641,0,0,0,0,0,0,79.6,10.5,0.2,0,0
33,1642,0,0,0,0,0,0,66.9,15.4,1.6,0,0
65.8,1643,0,0,0,0,0,0,34.2,0,0,0,0
14.1,1644,0,0,0,0,0,0,85.9,8.7,0,0,0
55.4,1645,44.6,27.3,11.8,3.8,0,0,0,0,0,0,0
79,1646,19.2,6.1,0,0,0,0,1.8,0,0,0,0
30.2,1647,0,0,0,0,0,0,69.8,15.1,0,0,0
5.2,1648,94.9,60.2,10.6,0,0,0,0,0,0,0,0
65.7,1649,3.8,0,0,0,0,0,30.5,5.1,0.2,0,0
98.6,1650,0,0,0,0,0,0,1.4,0,0,0,0
0.4,1651,0,0,0,0,0,0,99.7,89,46.8,7.2,0
96.3,1652,0.2,0,0,0,0,0,3.5,0,0,0,0
37.9,1653,62.2,9.8,0.5,0,0,0,0,0,0,0,0
0.1,1654,99.9,98.9,74.7,42.9,10.8,0,0,0,0,0,0
68.1,1655,6.5,2,0.6,0.1,0,0,25.4,0.3,0,0,0
34.6,1656,0,0,0,0,0,0,65.4,4.4,0.2,0,0
96.9,1657,1.3,0,0,0,0,0,1.8,0,0,0,0
71.4,1658,28.6,0.3,0,0,0,0,0,0,0,0,0
94,1659,6,0,0,0,0,0,0,0,0,0,0
22.8,1660,0,0,0,0,0,0,77.2,3.9,0.2,0,0
5.4,1661,0,0,0,0,0,0,94.6,48.9,24.1,2.9,0
56.5,1662,0,0,0,0,0,0,43.5,4.7,0,0,0
86.4,1663,0.7,0,0,0,0,0,12.9,0,0,0,0
44.5,1664,50,13.8,0,0,0,0,5.5,0,0,0,0
74.9,1665,23.2,2.2,0,0,0,0,2,0,0,0,0
28.6,1666,71.4,7.5,0,0,0,0,0.1,0,0,0,0
0,1667,100.1,69.6,2.1,0,0,0,0,0,0,0,0
0,1668,100,88.9,38.4,2.2,0,0,0,0,0,0,0
25.5,1669,74.6,28.7,0.2,0,0,0,0,0,0,0,0
4.1,1670,95.8,79,35.9,0.6,0,0,0,0,0,0,0
76.4,1671,23.6,0,0,0,0,0,0,0,0,0,0
69.7,1672,0,0,0,0,0,0,30.3,0,0,0,0
46.6,1673,0,0,0,0,0,0,53.4,19.4,4.2,0,0
8,1674,0,0,0,0,0,0,92,54.4,13.4,0,0
91.3,1675,6.8,0,0,0,0,0,2,0,0,0,0
22.7,1676,62.3,15.6,0,0,0,0,15,9.7,6.3,0.7,0
44.2,1677,0,0,0,0,0,0,55.8,0.4,0,0,0
22.3,1678,0,0,0,0,0,0,77.7,33.2,12.9,1.3,0
100,1679,0,0,0,0,0,0,0,0,0,0,0
0,1680,0,0,0,0,0,0,100,99.3,57.4,12.5,0
20.7,1681,0,0,0,0,0,0,79.3,23.1,0,0,0
53.9,1682,3.3,0,0,0,0,0,42.8,2.9,0,0,0
0,1683,0,0,0,0,0,0,100.1,67,33.1,1.7,0
30.4,1684,65.3,15.2,0,0,0,0,4.4,0.2,0,0,0
0.7,1685,99.3,97.3,86.5,57.1,27.9,0,0,0,0,0,0
18.4,1686,81.6,49.9,24.5,2.4,0,0,0,0,0,0,0
32.9,1687,0,0,0,0,0,0,67.1,6.5,0,0,0
5.5,1688,0,0,0,0,0,0,94.6,26.8,1,0,0
9.3,1689,0,0,0,0,0,0,90.7,68.9,35.5,6.1,0
65.6,1690,5.4,0.6,0,0,0,0,29,9.5,0,0,0
83.1,1691,0.3,0,0,0,0,0,16.6,0.4,0,0,0
0,1692,0,0,0,0,0,0,100,95.6,27.9,0,0
5.8,1693,0,0,0,0,0,0,94.2,59.3,12.6,0,0
69.6,1694,0,0,0,0,0,0,30.4,2.2,0,0,0
75.2,1695,2.3,0,0,0,0,0,22.5,0,0,0,0
31.1,1696,66.3,17,0,0,0,0,2.7,0,0,0,0
83.2,1697,11.7,0,0,0,0,0,5.1,1.6,0,0,0
90.2,1698,9.8,0,0,0,0,0,0.1,0,0,0,0
5.3,1699,0,0,0,0,0,0,94.6,44.1,1.2,0,0
70.6,1700,26.2,0,0,0,0,0,3.2,0,0,0,0
0.1,1701,0,0,0,0,0,0,99.8,78.2,26.9,0,0
41,1702,0,0,0,0,0,0,59.1,20.6,2.2,0,0
39.1,1703,60.9,28.5,3.4,0.1,0,0,0,0,0,0,0
28.5,1704,71.5,17.1,2.4,0,0,0,0,0,0,0,0
65.5,1705,3.6,0,0,0,0,0,30.8,9.4,0.1,0,0
47.5,1706,5.4,0,0,0,0,0,47.2,3.7,0,0,0
6.8,1707,93.2,34,5.8,0.4,0,0,0,0,0,0,0
10.4,1708,89.6,36.7,14.2,1.2,0,0,0,0,0,0,0
25.4,1709,74.5,4.2,0.3,0,0,0,0,0,0,0,0
17,1710,3.9,0,0,0,0,0,79.1,56.8,33.9,2.5,0
22.3,1711,5.2,0,0,0,0,0,72.5,4.7,0,0,0
41.9,1712,0.3,0,0,0,0,0,57.8,0.3,0,0,0
99.6,1713,0,0,0,0,0,0,0.5,0,0,0,0
58,1714,27.5,0,0,0,0,0,14.6,0,0,0,0
91.8,1715,8.2,0,0,0,0,0,0,0,0,0,0
23.8,1716,76.3,26.1,0,0,0,0,0,0,0,0,0
76.8,1717,23.2,11.2,7,2.3,0,0,0,0,0,0,0
12.7,1718,0.3,0,0,0,0,0,87,72.8,18.6,0.4,0
30.5,1719,0,0,0,0,0,0,69.5,37.3,12.4,1.2,0
0,1720,0,0,0,0,0,0,100.1,99.4,82.2,62.2,44.2
30.6,1721,5.9,2.3,0,0,0,0,63.4,22.7,1.8,0,0
34,1722,60.8,30.9,10.8,0,0,0,5.1,0.2,0,0,0
89.1,1723,0,0,0,0,0,0,10.9,2,0,0,0
95.2,1724,3.1,0,0,0,0,0,1.7,0.6,0,0,0
38.9,1725,0.8,0,0,0,0,0,60.3,26.9,2.7,0,0
0,1726,0,0,0,0,0,0,100,100,99.8,92.5,50.9
14.9,1727,0,0,0,0,0,0,85.1,27.5,5.6,0.7,0
28.3,1728,71.6,12.9,0,0,0,0,0.1,0,0,0,0
0,1729,100.1,91.1,65,42.4,19.2,0,0,0,0,0,0
42.7,1730,57.3,2.7,0,0,0,0,0,0,0,0,0
92.7,1731,0,0,0,0,0,0,7.3,0,0,0,0
80.6,1732,0,0,0,0,0,0,19.4,0.2,0,0,0
17.5,1733,74.5,25,0,0,0,0,8,2.5,0,0,0
43.6,1734,0,0,0,0,0,0,56.4,33.4,8.5,0,0
1,1735,99,85.9,53.5,22.2,0.8,0,0,0,0,0,0
48.8,1736,51.3,19.9,2.3,0,0,0,0,0,0,0,0
51.6,1737,47.8,7.6,0,0,0,0,0.6,0,0,0,0
59.8,1738,0,0,0,0,0,0,40.2,0.2,0,0,0
51.7,1739,48.4,2,0,0,0,0,0,0,0,0,0
29.7,1740,70.1,0.3,0,0,0,0,0.2,0,0,0,0
59.9,1741,1,0,0,0,0,0,39,9.2,0,0,0
60.5,1742,39.6,5,0,0,0,0,0,0,0,0,0
12.5,1743,3.1,0.2,0,0,0,0,84.4,49.7,2.2,0,0
48,1744,11.6,6.3,0.1,0,0,0,40.5,0.8,0,0,0
23.6,1745,0.6,0,0,0,0,0,75.8,34.9,3,0,0
0,1746,0,0,0,0,0,0,100,97.1,82.7,75.1,51.8
0.3,1747,0,0,0,0,0,0,99.7,96.1,90.5,78.9,53.1
3.7,1748,96.3,86.7,70,23.7,0,0,0,0,0,0,0
28.7,1749,0,0,0,0,0,0,71.4,15.7,0,0,0
88.7,1750,9.1,0,0,0,0,0,2.3,0,0,0,0
80.7,1751,13.4,0,0,0,0,0,6,0,0,0,0
11.6,1752,88.5,81,36,0,0,0,0,0,0,0,0
33.4,1753,66,17.9,0,0,0,0,0.7,0,0,0,0
89.2,1754,5.4,0.2,0,0,0,0,5.4,0,0,0,0
69.1,1755,31,0.3,0,0,0,0,0,0,0,0,0
54.7,1756,45.3,22.8,9.9,4.6,0.2,0,0,0,0,0,0
47.4,1757,52.6,15.4,1.7,0,0,0,0,0,0,0,0
42.9,1758,2.5,0,0,0,0,0,54.6,4.4,0,0,0
33.3,1759,7.4,0,0,0,0,0,59.3,12.8,0,0,0
74,1760,0.1,0,0,0,0,0,25.9,4.2,0,0,0
66,1761,1.5,0,0,0,0,0,32.6,19.4,9.5,2.4,0.3
19.4,1762,0,0,0,0,0,0,80.6,24,0,0,0
13.3,1763,86.8,18.2,0,0,0,0,0,0,0,0,0
3.4,1764,0.1,0,0,0,0,0,96.5,11.6,0,0,0
61.8,1765,37.8,2.4,0.3,0,0,0,0.4,0,0,0,0
0.1,1766,0,0,0,0,0,0,99.9,74.3,2.4,0,0
38.6,1767,0,0,0,0,0,0,61.4,1.9,0.2,0,0
44.2,1768,0,0,0,0,0,0,55.8,18.9,0.3,0,0
70.8,1769,0,0,0,0,0,0,29.2,0,0,0,0
97.8,1770,0,0,0,0,0,0,2.2,0,0,0,0
0,1771,0,0,0,0,0,0,100,89.7,28.4,6.8,0
94.3,1772,1,0,0,0,0,0,4.6,0,0,0,0
4.6,1773,95.4,87.9,63.4,19,0.7,0,0,0,0,0,0
17.2,1774,82.8,18.4,0,0,0,0,0.1,0,0,0,0
78,1775,0.3,0,0,0,0,0,21.7,1.2,0,0,0
96.9,1776,0,0,0,0,0,0,3.1,0,0,0,0
6.9,1777,93.1,12.3,1.6,0.5,0,0,0,0,0,0,0
10.3,1778,89.7,36.8,2.3,0,0,0,0,0,0,0,0
70.4,1779,29.6,0,0,0,0,0,0,0,0,0,0
8.6,1780,91.1,53.2,14.9,0,0,0,0.3,0,0,0,0
54,1781,46,0.9,0,0,0,0,0,0,0,0,0
0.2,1782,99.8,71.7,15.3,2.5,0.1,0,0,0,0,0,0
56.5,1783,6,0.7,0,0,0,0,37.4,0,0,0,0
3,1784,0,0,0,0,0,0,97,90.7,78.1,58.4,24.2
95.3,1785,1.5,0,0,0,0,0,3.2,0,0,0,0
21.3,1786,78.7,1.1,0,0,0,0,0,0,0,0,0
0,1787,0,0,0,0,0,0,100,62.2,7.6,0,0
45.7,1788,54.3,4.8,0,0,0,0,0,0,0,0,0
5.7,1789,94.2,43.4,7,0.6,0,0,0.1,0,0,0,0
65.8,1790,7.8,0,0,0,0,0,26.4,8.3,0,0,0
0.2,1791,0,0,0,0,0,0,99.8,70.5,17.6,0,0
0,1792,0,0,0,0,0,0,100,98.1,50.6,6.9,1.8
3.8,1793,0,0,0,0,0,0,96.3,82.9,76.8,65,49.9
80.2,1794,9.2,0.4,0,0,0,0,10.7,0.8,0,0,0
76,1795,22.3,5.9,0.8,0.1,0,0,1.8,0,0,0,0
91.9,1796,0,0,0,0,0,0,8.1,0.3,0,0,0
69.1,1797,0,0,0,0,0,0,30.9,2,0,0,0
8.8,1798,91.3,21.8,5.6,0.9,0,0,0,0,0,0,0
15.1,1799,0,0,0,0,0,0,84.9,1.6,0,0,0
92.2,1800,1.5,0,0,0,0,0,6.3,0,0,0,0
30.4,1801,69.6,2.9,0,0,0,0,0,0,0,0,0
37.6,1802,0,0,0,0,0,0,62.5,1.2,0,0,0
89.5,1803,0.9,0,0,0,0,0,9.6,1.9,0,0,0
48.1,1804,10.8,0,0,0,0,0,41.1,1.9,0,0,0
50.7,1805,49,21.7,2.7,0,0,0,0.3,0,0,0,0
17.3,1806,82.7,36.7,0,0,0,0,0,0,0,0,0
77.8,1807,7,0.2,0,0,0,0,15.1,0,0,0,0
84,1808,16,2,0,0,0,0,0,0,0,0,0
64.9,1809,35.1,3.9,0.3,0,0,0,0,0,0,0,0
83.9,1810,0,0,0,0,0,0,16.1,1.2,0,0,0
10.6,1811,0,0,0,0,0,0,89.5,25.6,2.6,0,0
85.1,1812,0,0,0,0,0,0,14.9,0,0,0,0
16.5,1813,83.5,42.6,16.8,4.5,0,0,0,0,0,0,0
91.6,1814,8.5,0,0,0,0,0,0,0,0,0,0
20.9,1815,0,0,0,0,0,0,79.2,30.6,16.4,0,0
2.1,1816,0,0,0,0,0,0,97.9,92,80.1,56.8,28.3
43,1817,0.2,0,0,0,0,0,56.9,10.7,0,0,0
8.3,1818,91.7,60,19.3,0,0,0,0,0,0,0,0
29.1,1819,69.7,48.2,22.8,0.2,0,0,1.2,0,0,0,0
5.4,1820,94.6,80,24.6,0,0,0,0,0,0,0,0
55.9,1821,0,0,0,0,0,0,44.2,3,0,0,0
7.3,1822,92.7,64.7,1.4,0,0,0,0,0,0,0,0
7,1823,93,48.6,1.1,0,0,0,0,0,0,0,0
45.8,1824,54.2,34.4,19.7,6.6,0,0,0,0,0,0,0
88.2,1825,0,0,0,0,0,0,11.8,2.6,0.2,0,0
26.1,1826,0,0,0,0,0,0,73.9,11.5,1.4,0,0
82.4,1827,0,0,0,0,0,0,17.7,0,0,0,0
0,1828,0,0,0,0,0,0,100,96.5,61.1,25.2,2.1
69.1,1829,26,0.6,0,0,0,0,5,0,0,0,0
90.7,1830,0,0,0,0,0,0,9.4,0,0,0,0
44.3,1831,2.3,0,0,0,0,0,53.4,0.8,0,0,0
9.3,1832,0,0,0,0,0,0,90.7,36.6,3.2,0,0
0,1833,0,0,0,0,0,0,100,83.1,16.5,0.4,0
67.2,1834,10,0.1,0,0,0,0,22.8,0.9,0,0,0
22.9,1835,0,0,0,0,0,0,77.1,21.9,0,0,0
89.1,1836,0.3,0,0,0,0,0,10.6,1.5,0,0,0
33.4,1837,0,0,0,0,0,0,66.7,35.6,11.4,2.2,0
1,1838,0,0,0,0,0,0,99,76.9,49.5,20.2,0.6
0,1839,0,0,0,0,0,0,100.1,100.1,95,66.5,15.4
2.3,1840,0,0,0,0,0,0,97.7,75.1,28,5.5,0
41.4,1841,40.1,19.5,0,0,0,0,18.5,0,0,0,0
0,1842,99.9,85.5,19.5,2.5,0,0,0,0,0,0,0
46.4,1843,32.9,1.6,0.1,0,0,0,20.7,6.5,1.5,0,0
8,1844,0,0,0,0,0,0,92,28,0,0,0
25.2,1845,73.6,47.4,18,2,0,0,1.2,0,0,0,0
49.4,1846,37.2,21.9,8.5,0.7,0,0,13.5,0.8,0,0,0
0,1847,100,98.7,60.7,21.8,0,0,0,0,0,0,0
79.1,1848,20.9,10.8,2.5,0,0,0,0,0,0,0,0
0.6,1849,0,0,0,0,0,0,99.4,94.6,70.4,31.3,5.5
6.6,1850,0,0,0,0,0,0,93.4,81,31.9,0,0
5.4,1851,94.6,41.4,16.1,0.4,0,0,0,0,0,0,0
33.8,1852,0.7,0,0,0,0,0,65.4,3.8,0,0,0
14.7,1853,0,0,0,0,0,0,85.3,41.4,11.1,0,0
64.6,1854,0,0,0,0,0,0,35.4,11,0.9,0,0
84,1855,15.4,7.3,2.1,0,0,0,0.6,0,0,0,0
48.2,1856,23.4,10,1.2,0,0,0,28.4,0.7,0,0,0
35.4,1857,64.6,24.9,7.1,0.2,0,0,0,0,0,0,0
40.5,1858,0.4,0,0,0,0,0,59.1,4.6,0,0,0
87.8,1859,12.2,0,0,0,0,0,0,0,0,0,0
100,1860,0,0,0,0,0,0,0,0,0,0,0
4.5,1861,95.4,65,36.1,5.8,0,0,0,0,0,0,0
41.1,1862,1.4,0,0,0,0,0,57.5,25.3,0,0,0
43,1863,57,24.5,3.7,0.2,0,0,0,0,0,0,0
7.3,1864,92.8,72.7,24.3,0,0,0,0,0,0,0,0
93.1,1865,6.9,0.1,0,0,0,0,0,0,0,0,0
0.2,1866,0,0,0,0,0,0,99.8,93.9,59.2,8.3,0
0,1867,0,0,0,0,0,0,99.9,94.2,38.7,6.9,0
0.2,1868,0,0,0,0,0,0,99.9,94,81.3,53.8,22.3
0.4,1869,0,0,0,0,0,0,99.6,84.8,42.1,6.7,0.2
81.3,1870,18.7,0,0,0,0,0,0,0,0,0,0
0.6,1871,99.3,64.5,28.2,2.5,0,0,0,0,0,0,0
38.3,1872,61.7,0.8,0,0,0,0,0,0,0,0,0
19.6,1873,80.4,7.7,0,0,0,0,0,0,0,0,0
75.6,1874,17.6,1.6,0,0,0,0,6.8,0,0,0,0
94.6,1875,2.4,0,0,0,0,0,3,0,0,0,0
75.6,1876,24.4,0,0,0,0,0,0,0,0,0,0
90.7,1877,8.3,0,0,0,0,0,1,0,0,0,0
96.3,1878,0,0,0,0,0,0,3.7,0,0,0,0
0.7,1879,99.3,43.3,12.4,1.3,0,0,0,0,0,0,0
9,1880,91,42.9,5.5,1.6,0,0,0,0,0,0,0
19.5,1881,80.5,19.6,0,0,0,0,0,0,0,0,0
52.7,1882,46.1,9.4,0,0,0,0,1.2,0,0,0,0
50.4,1883,49.6,18,0,0,0,0,0,0,0,0,0
38,1884,0,0,0,0,0,0,62,6.5,0.2,0,0
11.3,1885,0,0,0,0,0,0,88.8,52.2,14.3,0,0
98.7,1886,1,0,0,0,0,0,0.2,0,0,0,0
29.4,1887,70.6,5.3,0,0,0,0,0,0,0,0,0
92,1888,3.3,0,0,0,0,0,4.7,0,0,0,0
68,1889,7.8,2.7,0.1,0,0,0,24.2,0,0,0,0
52,1890,5.8,0,0,0,0,0,42.2,13.9,1.4,0,0
16.7,1891,0,0,0,0,0,0,83.3,26.6,1.9,0,0
86.9,1892,1.2,0,0,0,0,0,12,0,0,0,0
11.8,1893,88.3,37,3.9,0,0,0,0,0,0,0,0
9.2,1894,90.8,56.3,0,0,0,0,0,0,0,0,0
75.6,1895,0.8,0,0,0,0,0,23.6,0,0,0,0
25.7,1896,74.3,47.9,11.1,0,0,0,0,0,0,0,0
77.9,1897,0,0,0,0,0,0,22.1,0,0,0,0
17.7,1898,0.1,0,0,0,0,0,82.1,31.4,8.3,0,0
27.1,1899,72.9,46.6,28.7,1.8,0,0,0,0,0,0,0
4.5,1900,95.5,50.4,0,0,0,0,0,0,0,0,0
78.2,1901,21.7,0,0,0,0,0,0.1,0,0,0,0
0,1902,100,84.5,44,18.1,0,0,0,0,0,0,0
86.9,1903,0,0,0,0,0,0,13.2,0,0,0,0
16.2,1904,82.3,68.8,23.7,0,0,0,1.5,0,0,0,0
50.3,1905,0,0,0,0,0,0,49.7,0.6,0,0,0
1.3,1906,0,0,0,0,0,0,98.8,83.2,18.2,2.6,0
0,1907,0,0,0,0,0,0,100,100,99.8,75,20.9
3.1,1908,0,0,0,0,0,0,97,75.2,39.9,23.8,5.6
3.4,1909,0,0,0,0,0,0,96.7,45.8,14.5,2,0
77,1910,0.8,0,0,0,0,0,22.2,0,0,0,0
20.4,1911,0,0,0,0,0,0,79.6,41.4,9.6,0,0
3.7,1912,0,0,0,0,0,0,96.3,77.6,31.6,0.6,0
76,1913,0,0,0,0,0,0,24,8.2,0.4,0,0
0,1914,0,0,0,0,0,0,100.1,93.8,52.4,29.3,2.8
0,1915,0,0,0,0,0,0,100.1,92.9,51.5,4.1,0
0.6,1916,0,0,0,0,0,0,99.4,84.4,12.8,0,0
2.2,1917,0,0,0,0,0,0,97.8,77.7,19,0,0
86.4,1918,0,0,0,0,0,0,13.6,0.5,0,0,0
21.1,1919,11.9,7.1,1.1,0,0,0,67,34.4,15,0.2,0
12.2,1920,0,0,0,0,0,0,87.8,78.8,61.6,29.6,2.1
43.5,1921,0,0,0,0,0,0,56.6,41.8,19.5,0.8,0
71.3,1922,0.2,0,0,0,0,0,28.5,3.6,0,0,0
93.7,1923,3.1,0,0,0,0,0,3.2,0,0,0,0
91.2,1924,1.6,0.1,0,0,0,0,7.2,0,0,0,0
23.5,1925,76,7.6,0,0,0,0,0.5,0,0,0,0
43,1926,0,0,0,0,0,0,57,0.9,0,0,0
25.2,1927,0.7,0,0,0,0,0,74,4,0,0,0
71.4,1928,0.5,0,0,0,0,0,28.1,14.4,2.1,0,0
73.7,1929,21.4,0.2,0,0,0,0,4.9,0,0,0,0
68.7,1930,0,0,0,0,0,0,31.3,3.9,0,0,0
57,1931,24.6,2.4,0.5,0,0,0,18.4,5.1,0,0,0
18.1,1932,0,0,0,0,0,0,81.9,41.8,9.3,0,0
49.3,1933,11.7,4,0,0,0,0,39.1,25.4,9.5,0.4,0
0,1934,100,80.5,32.6,12,2.2,0,0,0,0,0,0
89.2,1935,10.6,0,0,0,0,0,0.2,0,0,0,0
46.8,1936,53.3,17.9,0.7,0,0,0,0,0,0,0,0
38.7,1937,0,0,0,0,0,0,61.2,4.8,0,0,0
36.1,1938,0,0,0,0,0,0,63.9,25.9,0,0,0
51.4,1939,48.6,1.5,0,0,0,0,0,0,0,0,0
69.1,1940,30.9,3.1,0,0,0,0,0,0,0,0,0
0.7,1941,0,0,0,0,0,0,99.4,95.1,83.7,40.3,5.1
0,1942,0,0,0,0,0,0,100,77.7,28.5,1.5,0
86,1943,5,0,0,0,0,0,9,0,0,0,0
77.5,1944,0,0,0,0,0,0,22.5,0.2,0,0,0
77.1,1945,0,0,0,0,0,0,22.9,2.5,0,0,0
16,1946,83.7,34.1,1.1,0,0,0,0.3,0,0,0,0
41.6,1947,34.9,0,0,0,0,0,23.5,13.5,8.4,3.2,0.2
59.7,1948,24.2,1.4,0,0,0,0,16.1,0,0,0,0
1.5,1949,0,0,0,0,0,0,98.5,65.5,25.5,1.1,0
76.5,1950,23.5,0,0,0,0,0,0,0,0,0,0
12.7,1951,85.9,78.1,33.2,3.1,0,0,1.4,0,0,0,0
33.5,1952,0,0,0,0,0,0,66.4,18.9,1.7,0,0
63.4,1953,36.6,1.3,0,0,0,0,0,0,0,0,0
12.9,1954,87.1,39.8,13,4.2,1.1,0,0,0,0,0,0
22.5,1955,77.5,11.8,0,0,0,0,0,0,0,0,0
0.5,1956,99.6,94.9,50.5,0.2,0,0,0,0,0,0,0
70.2,1957,5.7,0,0,0,0,0,24.2,0,0,0,0
38.3,1958,0,0,0,0,0,0,61.7,0.2,0,0,0
6.7,1959,93.3,58.7,21.6,0.1,0,0,0,0,0,0,0
79.3,1960,20.6,2.6,0.3,0,0,0,0,0,0,0,0
13.5,1961,86.5,26.9,0.1,0,0,0,0,0,0,0,0
82.7,1962,0,0,0,0,0,0,17.3,4.1,0.2,0,0
22.7,1963,76.8,17.1,0,0,0,0,0.5,0,0,0,0
10.7,1964,89.3,13.3,0,0,0,0,0,0,0,0,0
9.4,1965,0,0,0,0,0,0,90.6,42.6,4.3,0,0
39.5,1966,8.1,0.1,0,0,0,0,52.4,0,0,0,0
81.3,1967,8.1,0,0,0,0,0,10.7,0.2,0,0,0
74.7,1968,0,0,0,0,0,0,25.3,1.2,0,0,0
26.4,1969,0,0,0,0,0,0,73.6,39.4,4.6,0,0
83.5,1970,0,0,0,0,0,0,16.5,0,0,0,0
24.2,1971,75.3,50.1,5.4,0,0,0,0.4,0.1,0,0,0
61.6,1972,38.4,1.2,0,0,0,0,0,0,0,0,0
0.3,1973,0,0,0,0,0,0,99.7,74,10.7,0,0
22.9,1974,77.1,23.7,0,0,0,0,0,0,0,0,0
18.7,1975,0,0,0,0,0,0,81.3,33.9,1.5,0,0
61,1976,0,0,0,0,0,0,39.1,0.8,0,0,0
12.3,1977,87.7,65.5,41.6,18.7,0,0,0,0,0,0,0
88.8,1978,0,0,0,0,0,0,11.3,2,0,0,0
10.3,1979,4.4,1.4,0,0,0,0,85.2,66.9,38.2,12.8,0.4
23.5,1980,7.8,0.8,0,0,0,0,68.7,48.5,15.3,2.4,0
49.9,1981,49.3,20.8,4,0,0,0,0.7,0,0,0,0
61.8,1982,19.5,6.3,1.2,0,0,0,18.8,0.3,0,0,0
4.7,1983,0,0,0,0,0,0,95.3,73.6,27.9,2.6,1
41.2,1984,3.8,0,0,0,0,0,55,42.4,24.8,5.2,0.7
33.5,1985,4.7,0.7,0,0,0,0,61.8,35.7,13.3,1.8,0
42.7,1986,19.8,5.2,1.5,0,0,0,37.5,17.6,4.8,0,0
47.9,1987,15.7,2.4,0,0,0,0,36.4,22.7,6.6,0.7,0
41.6,1988,18.5,7.5,2.3,0,0,0,39.9,16.2,2.7,0,0
3.4,1989,96.2,70.2,20.3,0.7,0,0,0.4,0,0,0,0
20.9,1990,77.8,51.7,29.8,9.2,0,0,1.3,0.4,0,0,0
52.4,1991,39.5,18.7,1.4,0,0,0,8.2,2.5,0,0,0
24.5,1992,16.3,6.6,2.4,0.3,0,0,59.3,32,12.4,2.9,0.4
17.3,1993,0.3,0,0,0,0,0,82.4,56,29.6,9.5,2.3
25.7,1994,74.1,24.4,4.3,0,0,0,0.3,0.1,0,0,0
41.8,1995,3.5,0,0,0,0,0,54.7,31.5,11.7,4,0.7
19.5,1996,77.8,69.6,55.5,26.8,0.3,0,2.7,0,0,0,0
24.1,1997,46.7,35,26,10,0,0,29.2,8.7,0,0,0
30,1998,5.5,1.1,0,0,0,0,64.6,36.6,10.4,0.8,0.1
55.1,1999,11.3,2,0,0,0,0,33.7,11.2,3,0,0
4,2000,96,77,42.8,7.1,0,0,0,0,0,0,0
40.6,2001,47.5,21,6.7,1,0,0,12,0.8,0,0,0
0,2002,100,99.9,96.4,81.3,33.6,0,0,0,0,0,0
3.9,2003,96.2,81.5,54.4,9.5,0.6,0,0,0,0,0,0
5.9,2004,94.2,81.9,37.9,4,0,0,0,0,0,0,0
41.5,2005,4.9,0.3,0,0,0,0,53.7,39.4,25.7,10.8,1.7
11.7,2006,88.4,64.2,21.6,2.1,0.2,0,0,0,0,0,0
19.8,2007,78.1,57.9,42.7,12.2,0.4,0,2.2,0,0,0,0
62.1,2008,31.3,10.9,1.9,0,0,0,6.7,0.3,0,0,0
22.1,2009,73,46.3,13.3,1.1,0,0,4.9,1.1,0,0,0
67.3,2010,12.7,3,0,0,0,0,20,4.7,0.3,0,0
24.9,2011,49.4,33.8,19.2,5,0,0,25.7,18.7,8.2,0.6,0
6.8,2012,93.2,77,39.3,6.1,1,0,0,0,0,0,0
11,2013,89,71.4,33.9,5.8,0,0,0,0,0,0,0
18.9,2014,79.5,61,33.8,6.9,0,0,1.7,0.9,0,0,0
49.2,2015,27.1,9.6,3.2,0.6,0.3,0,23.6,6.1,0.3,0,0
38,2016,55.5,27.6,7.6,0,0,0,6.6,1.4,0.7,0,0
52.2,2017,41,16.1,6.5,0.4,0,0,6.7,3.4,1.4,0,0
